Island_Name,Acreage,Country,latitude,longitude,Large Acreage,Ocean Island,Income Potential,Mainland Power,Islands with Beaches,Turn Key,Airstrip or Fly-in,Income Producing,Lake Island,Seasonal,Historic,River Island,Mainland Lot,nearest_city,city_distance
Island of Patroklos,643,Greece,37.653722572499,23.9490794021,yes,yes,yes,yes,no,no,no,no,no,no,no,no,no,Palaiá Fókaia,4.58
Rangyai Island,110,Thailand,7.954389999999999,98.44730600000001,yes,yes,yes,no,yes,no,no,no,no,no,no,no,no,Ban Ko Kaeo,3.69
Pumpkin Key,26,United States of America,24.713197,-81.55425279999999,yes,yes,yes,no,no,yes,no,no,no,no,no,no,no,Cudjoe Key,4.54
Spectabilis Island,460,Bahamas,24.358032100000003,-76.58215279999999,yes,yes,yes,no,yes,no,no,no,no,no,no,no,no,Arthur’s Town,60.1
Cave Cay,222,Bahamas,23.901611090339998,-76.26314199536101,yes,yes,yes,no,yes,yes,no,no,no,no,no,no,no,George Town,40.22
Nengo Nengo Atoll,2223,France,-18.75310201788,-141.80789642334,yes,yes,yes,no,yes,no,yes,no,no,no,no,no,no,Avarua,1178.3
Kandoo Island,42,Maldives,5.852108073458401,73.336561174011,yes,yes,yes,no,yes,yes,no,yes,no,no,no,no,no,Manadhoo,7.92
Schulzewerder Island,21,Poland,53.455763540891,15.919064601172,yes,no,yes,no,no,yes,no,yes,yes,yes,yes,no,no,Powiat drawski,4.25
Vouvalos Island,32,Greece,38.986346000000005,20.917405,yes,yes,no,no,no,no,no,no,no,no,no,no,no,Vónitsa,5.11
Windermere,0,Bahamas,25.0513819,-76.1218479,yes,yes,yes,no,no,yes,no,yes,no,no,yes,no,no,Arthur’s Town,40.94
Taveuni Island Resort & Spa,8,Fiji,-16.947,179.91099999999997,no,yes,yes,no,no,yes,no,no,no,no,no,no,no,Cakaudrove Province,38.0
Vadinolhu Island Resort,19,Maldives,2.0176771675969,73.359217930025,no,yes,yes,no,yes,no,no,no,no,no,no,no,no,Fonadhoo,16.18
Serenity Beaches Resort,8,Tonga,-19.853491117388998,-174.41237374608997,no,yes,no,no,yes,yes,no,yes,no,no,no,no,no,Pangai,4.63
Blue Dolphin Island,104,Panama,9.2416266,-82.155322,yes,yes,yes,no,no,no,no,no,no,no,no,no,no,Isla Bastimentos,4.3
Igoigori Island,150,Papua New Guinea,-10.725911952740999,150.28970031738,yes,yes,no,no,yes,no,no,no,no,no,no,no,no,Samarai Murua,23.6
Amillarah Private Islands,0,Maldives,4.1754959000000005,73.50934740000001,no,no,yes,no,no,yes,no,no,no,no,no,no,no,Male,0.02
Ngerbelas Island,21,Palau,8.043057051711099,134.69969931738,yes,yes,no,no,yes,no,no,no,no,no,no,no,no,Koror Town,50.71
Big Scrub Island,170,United Kingdom,18.4678241,-64.5125777,yes,yes,yes,no,yes,no,no,no,no,no,no,no,no,Saint Paul’s,132.41
Lovango Cay,5,United States of America,18.3624533,-64.8037499,no,yes,yes,no,yes,yes,no,no,no,no,no,no,no,Saint Paul’s,145.31
Mustique,0,SVG,12.8799415,-61.1840188,no,yes,yes,no,no,yes,no,no,no,no,no,no,no,Kingstown,19.25
Tojo Una Una Island,3089,Indonesia,-0.7453490893578001,121.76495264416,yes,yes,no,no,yes,no,no,no,no,no,no,no,no,Tojo Una-Una Regency,37.21
Jost Van Dyke,0,United Kingdom,18.4462768,-64.74291310000001,no,no,yes,no,no,no,no,no,no,no,no,no,no,Saint Paul’s,144.52
Steele Point,8,United Kingdom,18.389249943049,-64.717145311478,no,yes,yes,no,no,yes,no,no,no,no,no,no,no,Saint Paul’s,141.13
Long Island,4600,United States of America,32.6843457,-79.9306445,yes,no,no,no,no,no,no,no,no,no,no,yes,no,Folly Beach,2.09
Ginger Island,258,United Kingdom,18.385174600000003,-64.4777837,yes,yes,yes,no,yes,no,no,no,no,no,no,no,no,Saint Paul’s,127.41
Praia do Algodão,29,Brazil,-23.005734699999998,-44.3157591,no,yes,yes,no,yes,yes,no,yes,no,no,no,no,no,Angra dos Reis,0.16
Treasure Cove,75,Belize,17.492632614252997,-88.080477142334,no,yes,no,no,no,no,no,no,no,no,no,no,no,Belize City,7.73
Blunder Bay Estates,1,United Kingdom,18.493905899999998,-64.4022877,no,yes,yes,no,yes,yes,no,no,no,no,no,no,no,Saint Paul’s,127.49
Waldron Island,50,United States of America,48.697965365638,-123.03004101444999,yes,no,yes,no,yes,yes,yes,no,yes,no,no,no,no,Friday Harbor,11.33
Mounu Island Resort,7,Tonga,-18.7512793,-174.06794509999997,no,yes,no,no,yes,no,no,yes,no,no,no,no,no,Neiafu,8.86
Pelican Island,32,Antigua,17.105436938726,-61.70393617981,no,yes,yes,no,yes,no,no,no,no,no,no,no,no,Piggotts,6.39
The Ocean Flower,0,Maldives,4.3082232000000005,73.505305,no,no,yes,no,no,no,no,no,no,no,no,no,no,Hulhumale,7.09
Barefoot Cay Resort,8,Honduras,16.337773874129997,-86.47496419787,no,yes,no,no,no,no,no,yes,no,no,no,no,no,French Harbor,2.89
Verde Island Resort,274,Philippines,13.551798000000002,121.07364,yes,yes,no,no,no,no,no,yes,no,no,no,no,no,Ilihan,5.48
Gopher Key Florida,10,United States of America,24.642636524140002,-81.48533277511599,no,yes,no,no,no,no,no,no,no,no,no,no,no,Cudjoe Key,2.16
Schloss Island,82,Canada,50.496782,-127.86204,yes,yes,yes,no,no,no,no,no,no,no,no,no,no,Port McNeill,34.66
Isla San Pedro,16000,Chile,-47.716666700000005,-74.91666670000001,yes,yes,yes,no,no,yes,no,no,no,no,no,no,no,Provincia Capitán Prat,66.22
Isla Rancheria,310,Panama,8.26783,-82.42224499999999,yes,yes,no,no,yes,no,yes,no,no,no,no,no,no,Pedregal,6.83
The World Islands - Dubai,0,United Arab Emirates,25.217832,55.168812,no,no,yes,yes,no,no,no,no,no,no,no,no,no,Dubai,13.1
"Blackbook Listing
(2521)",0,SVG,13.010051400000002,-61.2306446,yes,yes,no,no,yes,no,no,no,no,no,no,no,no,Kingstown,10.04
Darby Island,554,Bahamas,23.8495955,-76.22763370000001,yes,yes,yes,no,yes,yes,yes,no,no,no,yes,no,no,George Town,36.18
Dulichium Island,1335,Greece,38.414257277137,21.091775751343,yes,yes,no,no,no,no,no,no,no,no,no,no,no,Astakós,8.4
"Blackbook Listing
(2106)",0,Turks and Caicos,21.85,-72.1166667,yes,yes,yes,no,yes,no,no,no,no,no,no,no,no,Saint-Louis du Nord,138.02
Organica Beach,1492,Panama,8.3091734471503,-78.970234166259,no,yes,no,no,yes,no,no,no,no,no,no,no,no,Distrito de Balboa,11.07
Webber Island,50,Canada,44.921159100000004,-79.8398567,no,no,no,yes,no,no,no,no,yes,yes,no,no,no,Midland,12.01
Mowat Island,11,Canada,45.3676324,-80.1499853,no,no,no,no,no,yes,no,no,yes,yes,yes,no,no,Parry Sound,5.74
Pulfords Island,2,Canada,49.713,-94.536,no,no,no,yes,no,no,no,no,yes,no,no,no,no,Kenora,4.29
Barne's Island,4,Canada,45.034305678322,-76.827730248071,no,no,yes,no,no,yes,no,no,yes,yes,no,no,no,Perth,29.75
Charlebois Island,36,Canada,45.078402271848,-80.068906635437,no,no,no,no,no,no,no,no,no,no,no,no,no,Parry Sound,18.65
Villa Katsura,3,United Kingdom,18.489842764822,-64.41457799361,no,yes,yes,no,yes,no,no,yes,no,no,no,no,no,Saint Paul’s,127.98
Little Ragged Island,700,Bahamas,22.1649094,-75.7051647,yes,yes,yes,no,yes,no,no,no,no,no,no,no,no,Gibara,77.87
Frozen Cay and Alder Cay,84,Bahamas,25.543680537704,-77.713680267334,yes,yes,yes,no,yes,yes,no,no,no,no,no,no,no,San Andros,39.08
Bird Cay,250,Bahamas,25.4003556,-77.815285,yes,yes,no,no,yes,no,yes,no,no,no,no,no,no,San Andros,27.33
Kanacea Island,3085,Fiji,-17.263613,-179.151735,yes,yes,no,no,yes,no,no,no,no,no,no,no,no,Lau Province,69.2
10 Kilometers Beachfront,2213,Belize,16.253724362073,-88.580941743896,yes,yes,no,no,yes,no,no,no,no,no,no,no,no,Punta Gorda,18.59
Nusa Riro,22,Solomon Islands,-8.2876215273616,157.13175418427,yes,yes,no,no,no,no,no,no,yes,no,yes,no,no,Gizo,23.57
Lighthouse Cay,765,Bahamas,24.627201,-76.14726999999999,yes,yes,yes,no,yes,no,no,no,no,no,no,no,no,Arthur’s Town,29.88
Matana South Seas Plantation,806,Fiji,-17.260587688582,179.34997545459,yes,yes,no,no,yes,no,no,no,no,no,no,no,no,Cakaudrove Province,41.27
Lera Cay,80,Bahamas,24.7615833,-76.26819444444399,no,yes,yes,no,yes,no,no,no,no,no,no,no,no,Arthur’s Town,38.67
Leaf Cay Private Residences,15,Bahamas,24.150151,-76.473169,no,yes,yes,no,yes,yes,yes,yes,no,no,no,no,no,Arthur’s Town,60.08
St Phillips Island,4680,United States of America,32.2843663,-80.6131635,yes,no,no,no,no,no,no,no,no,no,no,yes,no,Beaufort County,6.82
Captiva Key,13,United States of America,26.509387462845996,-82.184738017444,no,no,no,no,no,no,no,no,no,no,no,no,no,Saint James City,6.62
Pakatoa Island,60,New Zealand,-36.796114700000004,175.1939382,yes,yes,no,no,yes,no,no,yes,no,no,no,no,no,Pakuranga,16.47
The Plantation,495,Belize,16.587927998458,-88.362654604315,yes,yes,no,no,yes,no,no,no,no,no,no,no,no,Placencia,5.1
Half Moon Cay,10,Honduras,16.441712015679,-85.848778597809,no,yes,yes,no,yes,yes,no,no,no,no,no,no,no,Savannah Bight,0.58
"Blackbook Listing
(2520)",0,SVG,13.010051400000002,-61.2306446,yes,yes,no,no,no,no,no,no,no,no,no,no,no,Kingstown,10.04
Guafo Island,49422,Chile,-43.59305560000001,-74.7136111,yes,yes,no,no,no,no,no,no,no,no,no,no,no,Quellón,64.14
Ile de Caille,400,Grenada,12.287246000000001,-61.58314300000001,yes,yes,yes,no,yes,no,no,no,no,no,no,no,no,Sauteurs,6.08
Whale Cay,575,Bahamas,25.410789571574,-77.78529086103501,yes,yes,yes,no,yes,yes,yes,yes,no,no,no,no,no,San Andros,28.97
Broad Key,63,United States of America,25.351074696991,-80.26041613359101,yes,yes,yes,no,no,yes,no,no,no,no,no,no,no,North Key Largo,7.0
Jwycesska Island,351,Bahamas,27.1206248,-78.08373459999999,yes,yes,no,no,yes,no,no,no,no,no,no,no,no,High Rock,37.27
Violin Island,321,Mexico,18.809859895888,-88.087663257691,yes,yes,no,no,yes,no,no,no,no,no,no,no,no,Calderitas,20.71
Lumbar Cay,30,Bahamas,24.161774994724002,-76.430015586694,yes,yes,no,no,yes,no,no,no,no,no,no,no,no,Arthur’s Town,57.37
Gumelemi Cay,8,Bahamas,26.700186499999997,-77.1767345,no,yes,yes,no,yes,no,no,no,no,no,no,no,no,Marsh Harbour,13.02
Little Hawkins Island,3,United States of America,31.197381,-81.394983,no,no,yes,yes,no,yes,no,no,no,no,yes,yes,no,Saint Simon Mills,1.98
Frozen Cay,40,Bahamas,25.548584336378003,-77.71307239258999,no,yes,yes,no,yes,yes,no,no,no,no,no,no,no,San Andros,39.39
Hopkins Island,13,United States of America,24.629443,-81.379735,no,yes,yes,no,yes,yes,no,no,no,no,no,no,no,Big Pine Key,3.23
St Thomas,300,Greece,37.809622999999995,23.247124,yes,yes,no,no,no,no,no,no,no,no,no,no,no,Ágioi Theódoroi,9.95
World Island Project (D98),12,United Arab Emirates,25.231060807557,55.167477416992,no,yes,yes,yes,yes,no,no,no,no,no,no,no,no,Dubai,13.84
Charles Island,55,Bahamas,25.540893,-76.748171,yes,yes,yes,no,no,no,no,no,no,no,no,no,no,Spanish Wells,1.08
St John's Island,750,Greece,37.821285509524,23.261950846557998,yes,yes,no,no,no,no,no,no,no,no,no,no,no,Ágioi Theódoroi,9.82
Palm Island,4,United States of America,24.712448758751997,-81.10686047486901,no,yes,yes,no,yes,yes,no,no,no,no,no,no,no,Marathon,1.04
Terra's Key,16,United States of America,24.892688685289997,-80.65894130423,no,yes,yes,yes,yes,yes,no,no,no,no,no,no,no,Islamorada,2.93
"Blackbook Listing
(2602)",0,Fiji,-17.776535600000003,177.43562269999998,yes,yes,no,no,yes,no,yes,no,no,no,no,no,no,Nadi,2.24
East Sister Rock,1,United States of America,24.687248045946003,-81.074581708598,no,yes,yes,no,no,yes,no,no,no,no,no,no,no,Marathon,2.08
"Blackbook Listing
(2538)",0,Belize,17.5045661,-88.1962133,yes,yes,yes,no,yes,yes,yes,no,no,no,no,no,no,Belize City,0.36
Alder Cay,43,Bahamas,25.5368382,-77.71444609999999,no,yes,yes,no,yes,yes,no,no,no,no,no,no,no,San Andros,38.66
Cebaco Island,7410,Panama,7.5527201,-81.0865035,yes,yes,yes,no,yes,yes,no,no,no,no,no,no,yes,Mariato District,10.34
Big Sampson Cay,121,Bahamas,24.212270800000002,-76.4772748,yes,yes,yes,no,yes,yes,yes,no,no,no,no,no,no,Arthur’s Town,58.08
Elizabeth Island Property,38,Bahamas,23.503712256995,-75.720227208398,yes,yes,yes,no,yes,yes,no,no,no,no,no,no,no,George Town,4.3
Walker's Cay,58,Bahamas,27.259665000000002,-78.401442,yes,yes,yes,no,yes,no,yes,no,no,no,yes,no,no,High Rock,45.52
Wavi Island,27,Fiji,-16.802836,179.41130857141002,yes,yes,yes,no,yes,yes,no,no,no,no,no,no,no,Cakaudrove Province,9.41
Petit Nevis,71,SVG,12.973633999999999,-61.243501,yes,yes,yes,no,yes,no,no,no,no,no,no,no,no,Kingstown,12.6
xElizabeth Island Propertyx,38,Bahamas,23.503712256995,-75.720227208398,yes,yes,yes,no,yes,yes,no,no,no,no,no,no,no,George Town,4.3
Shelter Island Estate,22,United States of America,47.895501200000005,-114.1742844,yes,no,yes,no,no,yes,no,no,yes,no,no,no,no,Lakeside,8.87
Nissos Makri,245,Greece,38.359157,21.036704999999998,yes,yes,no,no,no,no,no,no,no,no,no,no,no,Katochí,12.26
False Caye,60,Belize,16.602023452031,-88.338857012537,yes,yes,no,no,yes,no,no,no,no,no,no,no,no,Placencia,6.34
Nananu-I-Cake,600,Fiji,-17.31839772771,178.23174825928,no,no,no,no,no,no,no,no,no,no,no,no,no,Ra Province,13.26
An Island Within An Island,14,Bahamas,26.504536409891,-78.656153578821,yes,yes,no,no,no,no,no,no,no,no,no,no,no,Lucaya,2.09
Casey Bay,4,United Kingdom,18.459454775961,-64.441094985706,no,yes,no,no,no,yes,no,yes,no,no,no,no,no,Saint Paul’s,128.2
Saddleback Cay,47,Bahamas,24.654108960511998,-76.810913085938,yes,yes,yes,no,yes,no,no,no,no,no,no,no,no,Nassau,43.5
Pepin Island,1280,New Zealand,-41.150710499999995,173.42646519999997,yes,yes,yes,no,yes,yes,no,no,no,no,no,no,no,Nelson,11.12
The Duke Group Archipelago,3300,Australia,-21.983476,150.16093999999998,yes,yes,yes,no,yes,yes,yes,no,no,no,no,no,no,Sarina,72.07
Northern Aegean Island,34,Greece,37.994851823417,24.258839609375,yes,yes,no,no,yes,no,no,no,no,no,no,no,no,Marmárion,4.99
Spalathronisi Island,26,Greece,40.020836439853,23.807564664063,yes,yes,no,no,yes,no,no,no,no,no,no,no,no,Néos Marmarás,5.36
Nakacha Huraa Lagoon,29,Maldives,4.3442396845888,73.390642771936,yes,yes,no,no,yes,no,no,no,no,no,no,no,no,Hulhumale,13.78
Isla Puerco,160,Panama,8.3674816117751,-78.807892735474,yes,yes,no,no,yes,no,no,no,no,no,no,no,no,Distrito de Balboa,14.81
Batchawana Island,5200,Canada,46.892542575833,-84.518707020508,yes,no,no,no,no,no,no,no,yes,no,no,no,no,Sault Ste. Marie,27.41
Kuramaadhoo Island,44,Maldives,5.873270622952501,73.143555492065,yes,yes,yes,no,yes,no,no,no,no,no,no,no,no,Ugoofaaru,16.18
Keraamithaa Island,103,Maldives,0.390701,73.012837,yes,yes,no,no,no,no,no,no,no,no,no,no,no,Thinadhoo,9.71
Deer Cay,603,Belize,18.098019096371,-87.95653867876,yes,yes,no,no,no,no,no,no,no,no,no,no,no,San Pedro,12.59
Thompson Island,5,United States of America,24.564164771563,-81.74923418437801,no,yes,yes,no,no,yes,no,no,no,no,no,no,no,Stock Island,0.71
Tavernier Key,31,United States of America,24.997050346648003,-80.502186196729,yes,yes,no,no,no,no,no,no,no,no,no,no,no,Tavernier,1.28
Lambay Cay,7,Honduras,15.961115806933,-86.471495149158,no,yes,no,no,yes,no,no,no,no,no,no,no,no,Nueva Armenia,11.58
Toad Hall Estate,6,United Kingdom,18.430332699999997,-64.4435806,no,no,no,no,no,yes,no,yes,no,no,no,no,no,Saint Paul’s,127.21
"Blackbook Listing
(2096)",0,Seychelles,-4.679574,55.491977,yes,yes,no,no,yes,yes,yes,yes,no,no,no,no,no,Cascade,1.05
Belle Island & Cubbage Island,264,United States of America,31.76382999047,-81.22067805659199,yes,no,no,no,no,no,no,no,no,no,yes,yes,no,Midway,12.67
Young Island Resort,13,SVG,13.13102202381,-61.202609669998,no,yes,no,no,yes,yes,no,yes,no,no,no,no,no,Kingstown,2.37
Blue Island,700,Bahamas,23.391374022343,-75.474572913403,yes,yes,yes,no,yes,yes,yes,no,no,no,no,no,no,George Town,21.58
Water Caye,567,Belize,17.384237,-88.064037,yes,yes,no,no,no,no,no,no,no,no,no,no,no,Belize City,11.87
Lataro Island,719,Vanuatu,-15.265039999999999,167.191537,yes,yes,yes,no,yes,yes,yes,yes,no,no,no,no,yes,Port-Olry,17.35
Great Sale Cay,370,Bahamas,26.996629600000002,-78.21058570000001,yes,yes,yes,no,yes,no,no,no,no,no,no,no,no,High Rock,27.04
Jim Cay,8,Bahamas,23.883476164965,-76.25602703223299,no,yes,no,no,yes,no,no,no,no,no,no,no,no,George Town,39.06
Sandy Island,20,Grenada,12.2220101,-61.5858804,no,no,no,no,no,no,no,no,no,no,no,no,no,Sauteurs,3.61
Isla Di Yerba,8,Curacao,12.079673590662,-68.845199630566,no,yes,no,no,no,no,no,no,no,no,no,no,yes,Puerto Cumarebo,53.5
Trump Island,29,United States of America,48.5044389,-122.8386889,yes,no,yes,no,no,yes,no,no,yes,no,no,no,no,Friday Harbor,8.42
Leaf Cay,30,Bahamas,23.7861,-76.1271,no,yes,yes,no,yes,no,no,no,no,no,no,no,no,George Town,28.5
Roberts Cay,20,Bahamas,24.796630248371,-76.831727423279,no,yes,yes,no,yes,no,no,no,no,no,no,no,no,Nassau,36.79
Sandy Cay,8,Bahamas,26.583726472911,-77.00692410688501,no,yes,yes,no,yes,yes,no,no,no,no,no,no,no,Marsh Harbour,4.57
Nukudrau Island,46,Fiji,-16.734812825877,179.58135919417,yes,yes,yes,no,yes,no,no,no,no,no,no,no,no,Cakaudrove Province,11.87
Sipson Island,25,United States of America,41.736553716213,-69.963220453967,yes,yes,yes,no,yes,yes,no,no,no,no,yes,no,yes,Chatham,3.77
Hope Island,86,United States of America,43.705915999999995,-70.1175477,yes,yes,yes,no,no,yes,no,no,no,no,no,no,no,Falmouth Foreside,4.93
Devils Cay,117,Bahamas,25.600664000000002,-77.728615,yes,yes,yes,no,yes,no,no,no,no,no,no,no,no,San Andros,42.0
Katitche Point Greathouse,1,United Kingdom,18.47188,-64.414659289,no,no,no,no,no,yes,no,yes,no,no,no,no,no,Saint Paul’s,127.27
Powell Cay,294,Bahamas,26.908188800000005,-77.4773674,yes,yes,yes,no,yes,no,no,no,no,no,no,no,no,Cooper’s Town,3.29
Woodmere Island,5,Canada,45.143840999999995,-79.583031,no,no,yes,yes,no,yes,no,no,yes,yes,no,no,no,Bracebridge,15.08
Kato Antikeri Island,272,Greece,36.841371654212,25.666822592589998,yes,yes,no,no,no,no,no,no,no,no,no,no,no,Filótion,17.25
Kaashihulhudhoo Island,38,Maldives,0.48814383502309,72.994624296728,yes,yes,no,no,yes,no,no,no,no,no,no,no,no,Thinadhoo,2.95
Horse Island,157,Ireland,51.516304600000005,-9.4680023,yes,yes,yes,no,yes,yes,yes,no,no,no,no,no,no,Skibbereen,8.96
Adavaci Island,102,Fiji,-17.200052192319,-179.00711732794,yes,yes,no,no,yes,no,no,no,no,no,no,no,no,Lau Province,70.85
Petit Trou Peninsula,50,Grenada,12.025008319683002,-61.659445166595,yes,yes,no,no,yes,no,no,no,no,no,no,no,no,Saint David’s,1.77
Frenchman's Caye,200,Belize,17.572844202155,-88.07520285101299,yes,yes,no,no,no,no,no,no,no,no,no,no,no,Belize City,9.52
Parida Island,217,Panama,8.1294648092245,-82.332038738037,yes,yes,yes,no,yes,yes,yes,no,no,no,no,no,no,Pedregal,17.79
Aese Island,1690,Vanuatu,-15.4316954,167.2491365,yes,yes,no,no,yes,no,no,no,no,no,no,no,no,Luganville,8.4
Sand Dollar Cay,24,Bahamas,25.570007589664996,-77.723293432861,no,yes,yes,no,yes,no,no,no,no,no,no,no,no,San Andros,40.32
Motu Rauoro,18,France,-16.572897586134,-151.44357146067,no,yes,no,no,yes,no,no,no,no,no,no,no,no,Avarua,631.61
Sawyer's Cay,6,Bahamas,25.539214,-76.80510699999999,no,yes,yes,no,yes,no,no,no,no,no,no,no,no,Spanish Wells,2.62
Bonefish Cay 135-acres,14,Bahamas,26.890357276101998,-77.451210363477,no,yes,yes,no,yes,yes,no,no,no,no,no,no,no,Cooper’s Town,3.93
40-acre Beachfront Property on Ambergris Caye,40,Belize,18.001592000000002,-87.94328370000001,yes,yes,no,yes,yes,no,no,no,no,no,no,no,no,San Pedro,6.1
Rai Ki Wai Estate,47,Fiji,-17.616061300000002,179.0012007,yes,yes,no,no,yes,no,yes,yes,no,no,no,no,no,Lomaiviti Province,13.7
Bird Island,51,United States of America,28.897588121452998,-81.851878186755,yes,no,yes,no,no,yes,no,no,yes,no,no,no,no,Fruitland Park,4.14
Vargas Island Lot,65,Canada,49.202900055189,-126.03647077867,yes,yes,no,no,yes,no,yes,no,no,no,no,no,no,Tofino,6.77
The Southern Minks,14,Canada,45.379377777778,-80.430175,no,no,yes,no,no,yes,no,no,yes,no,no,no,no,Parry Sound,19.3
"Blackbook Listing
(2534)",0,United States of America,18.335765,-64.896335,yes,yes,no,no,yes,no,no,no,no,no,no,no,no,Saint Paul’s,149.96
Motu Moie,20,France,-16.558143428902,-151.51192377453998,no,yes,yes,no,yes,yes,no,no,no,no,no,no,no,Avarua,628.31
Tiger Point,359,Belize,17.249595979556002,-88.337132008984,no,no,no,no,no,no,no,no,no,no,no,no,no,Belize City,19.57
Nail Bay Land,60,United Kingdom,18.493905899999998,-64.4022877,yes,yes,yes,no,no,no,no,no,no,no,no,no,no,Saint Paul’s,127.49
Toberua Island Resort,5,Fiji,-17.9749062,178.7047,no,yes,no,no,yes,yes,no,yes,no,no,no,no,no,Tailevu Province,16.64
Nissos Sofia,44,Greece,38.4801066,21.001351100000004,yes,yes,no,no,no,no,no,no,no,no,no,no,no,Astakós,5.78
Breakwater Island,65,Canada,49.135811685353005,-123.68240396955,yes,yes,yes,no,no,yes,no,no,no,no,no,no,no,Cedar,7.82
Maosonon Island,112,Philippines,11.242817734494,119.68198835502,yes,yes,no,no,yes,no,no,no,no,no,no,no,no,Tiniguiban,14.37
Dao Island,118,Philippines,12.053276,119.79326699999999,yes,yes,no,no,yes,no,no,no,no,no,no,no,no,Panlaitan,5.89
Kelefesia Island,32,Tonga,-20.501593015529,-174.73575489941,yes,yes,no,no,yes,no,no,no,no,no,no,no,no,Kolonga,48.6
Live Oaks Island,12,United States of America,32.439456446913,-80.497382089966,no,yes,no,yes,no,no,no,no,no,no,no,no,no,Beaufort,10.07
Johnny's Cay,4,Bahamas,26.567738300000002,-76.97240699999999,no,yes,yes,no,yes,yes,no,no,no,no,no,no,no,Marsh Harbour,5.93
Savage Island Plantation,415,United States of America,32.183446137973,-80.86671905752,yes,no,yes,no,no,yes,no,no,no,no,no,yes,no,Bluffton,3.73
Buck Island SC,10,United States of America,32.159814222922,-80.799810861841,no,yes,yes,no,no,yes,yes,no,no,no,no,no,no,Hilton Head Island,4.3
Janoyoy Island,4,Philippines,9.754685199999999,126.13128529999999,no,yes,no,no,yes,no,no,no,no,no,no,no,no,Union,1.44
Manta Caye,8,Belize,16.713649493800002,-87.851645323181,no,yes,yes,no,yes,no,no,no,no,no,no,no,no,Dangriga,30.81
Pierre Island,16,Bahamas,25.556148,-76.659508,no,yes,yes,no,yes,no,no,no,no,no,no,no,no,Dunmore Town,4.0
Stroggilo Island,54,Greece,37.372743083346,26.716260910034,yes,yes,no,yes,no,no,no,no,no,no,no,no,no,Skála,10.14
Tragonisi Island,90,Greece,37.803434608927,23.247510648163,yes,yes,no,no,no,no,no,no,no,no,no,no,no,Ágioi Theódoroi,10.31
"Blackbook Listing
(2107)",0,Bahamas,26.873299600000003,-77.9038897,yes,yes,yes,no,yes,no,no,no,no,no,no,no,no,Cooper’s Town,24.2
Hood Island,4,Canada,48.715472786144,-123.37285671161001,no,yes,no,no,yes,no,no,no,no,no,no,no,no,North Saanich,4.0
Fishermans Caye,42,Belize,16.672240983807,-88.189809406494,yes,yes,no,no,yes,no,no,no,no,no,no,no,no,Placencia,16.0
Tivi Island,150,Fiji,-16.272035532284,179.46879186902,yes,yes,no,no,yes,no,no,no,no,no,no,no,no,Labasa,13.11
La Patella,1,Bahamas,25.046294712052998,-77.500128857811,no,yes,yes,no,no,yes,no,no,no,no,no,no,no,Nassau,9.87
North Saddle Caye,4,Belize,16.693212043576,-88.171033100525,no,yes,yes,no,no,yes,no,no,no,no,no,no,no,Placencia,17.9
Goat Cay,7,Bahamas,23.402352664334,-75.51426998864801,no,yes,yes,no,no,no,no,no,no,no,no,no,no,George Town,18.97
Bainema Paradise Beach Villa,158,Brazil,-13.623767218007,-38.904993726368,yes,yes,yes,no,no,yes,no,no,no,no,no,no,no,Cairu,7.31
Isla Brava,140,Panama,8.1830842766129,-82.25595582525601,yes,yes,no,no,yes,no,no,no,no,no,no,no,no,San Lorenzo,13.55
Castle Island,20,Canada,50.120349,-88.81904899999999,no,no,yes,no,no,yes,no,no,yes,yes,no,no,no,Thunder Bay District,45.15
Big Fish Cay,55,Bahamas,27.049362100000003,-77.8374429,yes,yes,yes,no,yes,yes,no,no,no,no,no,no,no,Cooper’s Town,23.55
Clapboard Island,22,United States of America,43.7175689,-70.1908604,yes,yes,yes,no,no,yes,no,no,no,yes,no,no,no,Falmouth Foreside,1.46
65-Acre Private Island Resort,7,Belize,17.575057271267,-88.064189529053,no,yes,yes,no,yes,yes,no,no,no,no,no,no,no,Belize City,10.22
"Hawks Nest Cay, 26 acres",26,Bahamas,25.748372256259,-77.820128354956,yes,yes,no,no,yes,no,no,no,no,no,no,no,no,San Andros,49.24
Valiha Island,950,Madagascar,-12.385039,48.70694,yes,yes,no,no,yes,no,no,no,no,no,no,no,no,Mahalina,12.64
Cerboli Island,10,Italy,42.8583454,10.5475429,no,yes,no,no,no,no,no,no,no,no,no,no,no,Piombino,4.77
Lake Saimaa Development,256,Finland,61.7394836,29.1283248,yes,no,no,no,no,no,no,no,yes,no,no,no,no,Punkaharju,8.61
Montego Caye,119,Belize,17.586769730739,-88.08263120805701,yes,yes,no,no,yes,no,no,no,no,no,no,no,no,Belize City,9.68
Golden Pavilion,4,United Kingdom,18.456187032225,-64.5739799021,no,yes,yes,no,no,yes,no,no,no,no,no,no,no,Saint Paul’s,135.36
Reef Island,17,United States of America,48.604267799999995,-123.01629299999999,no,no,yes,no,yes,yes,no,no,yes,no,no,no,no,Friday Harbor,4.84
Green Island,68,United States of America,45.835498799999996,-84.747483,yes,no,no,no,no,no,no,no,yes,no,no,no,no,Saint Ignace,2.33
Koome Island,3053,Uganda,-0.06078554512572,32.825773656067,yes,no,no,no,no,no,no,no,yes,no,no,no,no,Entebbe,25.25
Four Islands in Panama,45,Panama,9.593418152061599,-79.664805793762,yes,yes,no,no,yes,no,no,no,no,no,no,no,no,Portobelo,2.84
1 Mandalay Island,3,United States of America,27.181327500000002,-80.1868135,no,yes,yes,no,yes,yes,no,no,no,no,no,no,no,Sewall's Point,1.57
Puenta Vieja Parcel,30,Panama,9.2937751849534,-82.08274235866101,yes,yes,no,no,yes,no,no,no,no,no,no,no,no,Isla Bastimentos,3.48
Wild Berry Cay,100,Bahamas,25.4618921,-77.793122,yes,yes,yes,no,yes,no,no,no,no,no,no,no,no,San Andros,31.68
Turtle Island Australia,23,Australia,-23.798903,151.26486,yes,yes,yes,no,yes,yes,no,no,no,no,no,no,no,Gladstone Central,3.2
Faraway Camp,50,Canada,45.98770208555101,-81.553664520703,no,no,yes,no,no,yes,no,no,yes,yes,yes,no,no,Little Current,17.83
Pavis Island,11,Canada,45.560968200000005,-80.4662676,no,no,yes,yes,no,yes,no,no,yes,yes,no,no,no,Parry Sound,25.58
Petite Cay,36,Bahamas,25.772586991466998,-77.834499382837,yes,yes,no,no,yes,no,no,no,no,no,no,no,no,San Andros,50.59
Quartz Bay,88,Canada,50.163471549273005,-124.98944184608999,no,yes,yes,no,no,yes,no,no,no,no,no,no,no,Campbell River,15.21
Angel Island,3,Canada,49.377718624928995,-94.125371296387,no,no,yes,yes,no,yes,no,no,yes,yes,no,no,no,Kenora,31.49
Scott Island,5,Canada,48.972485,-123.69523999999998,no,yes,yes,no,no,yes,no,no,no,no,no,no,no,Saltair,3.72
Koh Jum Island Lodge,7,Thailand,7.8118868,98.9769851,no,no,no,no,no,no,no,no,no,no,no,no,no,Amphoe Ko Lanta,9.74
Medio Island,99,Philippines,12.38,124.04055600000001,yes,yes,no,no,yes,no,no,no,no,no,no,no,no,Capul,9.95
Fawn Island,2,United States of America,48.6137126,-123.00712709999999,no,no,yes,no,no,yes,no,no,yes,no,no,no,no,Friday Harbor,5.51
Little Goat Island,390,United States of America,32.789100063283,-79.798896457544,yes,yes,no,no,no,no,no,no,no,no,no,no,no,Isle of Palms,0.28
Isla Bonita,20,Brazil,-22.991823161238,-43.910332969385,no,yes,yes,no,yes,yes,no,no,no,no,no,no,no,Mangaratiba,8.58
Mai Island,32,Fiji,-16.199549003578998,179.83641846777002,yes,yes,yes,no,yes,yes,no,no,no,no,no,no,no,Labasa,35.21
AuTrain Island,106,United States of America,46.485628999999996,-86.896019,yes,no,no,no,no,no,no,no,yes,no,no,no,no,Munising,12.82
Wild Duck Island,300,Australia,-22.006397,149.8555,yes,yes,yes,no,yes,no,yes,no,no,no,no,no,no,Sarina,57.69
Whitestone Island,6,Canada,49.596500534036,-124.04484564722,no,yes,yes,no,no,yes,no,no,no,no,no,no,no,South Pender Harbour,1.98
Dumunpalit Island,75,,12.3830556,120.1172222,yes,yes,no,no,yes,no,no,no,no,no,no,no,no,Buluang,19.3
Ilha Comprida,10,Brazil,-22.963767808131,-44.369380523804,no,no,no,no,no,no,no,no,no,no,no,no,no,Angra dos Reis,4.41
Fazenda Cipo Island,25,Brazil,-13.761744214978002,-39.102697763354,yes,yes,no,no,yes,no,no,no,no,no,no,no,no,Ituberá,3.54
Lihnari Peninsula,95,Greece,37.8419,23.0669,yes,yes,no,no,no,no,no,no,no,no,no,no,no,Sofikón,3.4
Kythnos Island parcel,187,Greece,37.3933984,24.417332100000003,yes,yes,no,no,yes,no,no,no,no,no,no,no,no,Nomós Kykládon,27.45
Moho Caye,8,Belize,16.499695000000003,-88.167182,no,yes,yes,no,yes,no,no,no,no,no,no,no,no,Placencia,13.24
Loud Island,30,United States of America,44.481756268327,-83.371748580395,yes,no,yes,no,no,yes,no,no,yes,no,yes,no,yes,Au Sable,5.27
The Carolina Cays,256,United States of America,35.87920326,-75.63056954,yes,yes,no,no,yes,no,no,no,no,no,no,no,no,Wanchese,2.56
Historic Popenhager Camp,21,United States of America,25.9867611,-81.0431176,yes,no,yes,no,no,yes,no,no,yes,no,yes,yes,no,Collier County,22.37
Victoria Point Cays,10,Bahamas,24.228493092317,-77.622438263446,no,yes,yes,no,no,yes,no,no,no,no,no,no,no,Andros Town,34.19
Fairview Island,20,Canada,45.225600682004995,-79.069234899414,no,no,yes,yes,no,yes,no,no,yes,yes,no,no,no,Huntsville,10.33
Benbow Caye,133,Belize,17.477182355903,-88.085782798584,yes,yes,no,no,no,no,no,no,no,no,no,no,no,Belize City,7.53
Soneva Jani,1,Maldives,5.7116682307060005,73.41500039577,no,yes,yes,no,yes,yes,no,no,no,no,no,no,no,Manadhoo,3.82
Soneva Fushi,1,Maldives,5.111997,73.078154,no,yes,yes,no,yes,yes,no,no,no,no,no,no,no,Open Stage,0.67
Emerald Island,6,United States of America,37.071107874446,-79.60751847100799,no,no,yes,no,no,yes,no,no,yes,no,no,no,no,North Shore,2.9
Itaranajá Island,3756,Brazil,-0.65,-47.216666700000005,yes,yes,no,no,no,no,no,no,no,no,no,no,no,São João de Pirabas,9.04
Ram Island Washington,10,United States of America,48.476404758247995,-122.83138870701,no,no,no,no,yes,no,no,no,yes,no,no,no,no,Friday Harbor,9.4
Islas Marias,27,Panama,7.7099136918319,-81.071343698425,yes,yes,no,no,yes,no,no,no,no,no,no,no,no,Mariato District,5.1
Nukanamo Island,22,Tonga,-19.714895604984,-174.27620482543998,yes,yes,no,no,yes,no,no,no,no,no,no,no,no,Pangai,8.56
Big Gull Island,12,United States of America,56.99569585671699,-135.34265605239,no,yes,yes,no,no,yes,no,no,no,no,no,no,no,Sitka,3.99
Kadomo Island,70,Fiji,-17.492507999999997,177.0518092,yes,yes,no,no,yes,no,no,no,no,no,no,no,no,Lautoka,27.63
Whiskey Island,3,United States of America,44.24727,-76.153,no,no,yes,no,no,yes,no,no,no,no,no,yes,no,Clayton,3.37
High Cay,31,Bahamas,23.949181018009,-74.476727632016,no,yes,no,no,yes,no,no,no,no,no,yes,no,no,Clarence Town,66.88
Cambria Island,4,Canada,45.540331683775996,-80.437903119049,no,no,yes,no,no,yes,no,no,yes,no,yes,no,no,Parry Sound,23.64
Bigwood Island,36,Canada,45.764793950427,-80.640522540918,yes,no,yes,no,no,yes,no,no,yes,no,no,no,no,Parry Sound District,38.94
Point Pleasant,500,Canada,46.040075845372,-62.535433817261,yes,no,no,no,no,no,no,no,no,yes,no,no,no,Montague,10.3
Mowgli Island,9,,48.971999200000006,-123.6084175,no,yes,yes,no,no,no,no,no,no,no,no,no,no,Chemainus,6.34
Cogra Point Peninsula,28,Australia,-33.52756,151.226699,yes,yes,yes,no,no,yes,no,no,no,no,no,no,no,Umina Beach,4.99
Turn Island,82,Canada,50.3478502,-125.46669909999999,yes,yes,yes,no,no,no,no,no,no,no,no,no,no,Campbell River,24.92
Jesse Island,9,Canada,49.207208,-123.94612,no,yes,yes,no,no,no,no,no,no,no,no,no,no,Nanaimo,2.83
Palm Ridge Property,5,United Kingdom,18.422412866167,-64.620904297217,no,yes,yes,no,yes,yes,no,no,no,no,no,no,no,Saint Paul’s,136.77
Ligpo Island,1,Philippines,13.820500845808,120.90084979021002,no,yes,yes,yes,no,yes,no,no,no,no,no,no,no,San Luis,2.59
Vigur Island,111,Iceland,66.0554547,-22.8289032,yes,yes,yes,yes,no,yes,no,no,no,no,no,no,no,Ísafjarðarbær,8.5
Sandpenny Island,3,United States of America,30.665104757767,-81.51038087990099,no,no,yes,yes,no,yes,no,no,yes,no,no,no,no,Fernandina Beach,2.86
Turtle Caye,19,Belize,17.455530149932002,-88.062199501709,no,yes,no,no,yes,no,no,no,no,no,no,no,no,Belize City,9.42
Camp Island Silver Shoals Lodge,6,Australia,-19.849812741834,147.90211986984,no,yes,yes,no,yes,yes,no,no,no,no,no,no,no,Bowen,25.13
Cedar Island,202,United States of America,35.007010496827995,-76.333437195922,no,yes,no,no,yes,no,no,no,no,no,no,no,no,Carteret County,14.99
Goat Island,12,Canada,48.850546409134,-123.47975437157,no,yes,no,no,yes,no,no,no,no,no,no,no,no,Ganges,0.96
Rainforest Caye,37,Belize,16.17889,-88.64083000000001,yes,yes,no,no,yes,no,no,no,no,no,no,no,no,Punta Gorda,12.51
Crescent Island,4,United States of America,26.488359999999997,-82.08814220000001,no,yes,yes,no,yes,yes,no,yes,no,no,no,no,no,Saint James City,0.88
Villa Bergholmen,5,Finland,59.99483299999999,22.612667000000002,no,yes,no,no,no,yes,no,yes,yes,no,no,no,no,Dragsfjärd,6.68
Island of South Walton,53,United States of America,30.378444640124002,-86.115082460327,yes,yes,no,no,no,no,no,no,no,no,no,no,no,Seaside,4.27
A Dream Come True Villa,1,United Kingdom,18.471560646027,-64.41411892396401,no,yes,yes,no,yes,yes,no,no,no,no,no,no,no,Saint Paul’s,127.22
Isla Cui Cui,30,Chile,-40.689670006185004,-72.383070765088,yes,no,yes,no,no,yes,no,no,yes,no,no,no,no,Puyehue,11.65
Dan May Island,72,United States of America,29.280719172381,-83.104952271164,yes,no,yes,no,no,yes,no,no,no,no,no,yes,no,Levy County,19.06
Hog Island,600,United States of America,34.997985883531,-76.27692149292,yes,yes,no,no,yes,no,no,no,no,no,no,no,no,Carteret County,17.18
Cayo Geraldo,25,United States of America,17.935866056483,-66.299191132324,yes,yes,yes,no,yes,yes,no,no,no,no,no,no,no,Punta Cana,145.16
South Cocoplum Caye,6,Belize,16.874582629297,-88.121740739456,no,yes,no,no,yes,no,no,no,no,no,no,no,no,Dangriga,9.87
Koro Levu Island,8,Fiji,-16.7666667,-179.9833333,no,yes,no,no,yes,no,no,no,no,no,no,no,no,Cakaudrove Province,40.3
Perpall Cayes,158,Bahamas,23.466670999999998,-75.833302,yes,yes,no,no,yes,no,no,no,no,no,no,no,no,George Town,4.52
Tambor and Magotes Islands,15,Panama,9.638133004427802,-79.528478984131,no,yes,no,no,no,no,no,no,no,no,no,no,no,Portobelo,10.54
Morgans Caye,28,Belize,17.449959867472998,-88.070385510693,yes,yes,no,no,yes,no,no,no,no,no,no,no,no,Belize City,9.05
Echo Island B350,16,Canada,45.196330634610995,-80.133228480951,no,no,yes,yes,no,yes,no,no,yes,yes,no,no,no,Parry Sound,11.47
Eshpabekong Island Archipelago,17,Canada,44.934858482022,-79.960584223865,yes,no,yes,no,no,yes,no,no,yes,no,no,no,no,Midland,13.32
Bull Island,175,Canada,49.485336943353005,-124.19614059041001,yes,yes,no,no,yes,no,no,no,no,no,no,no,no,South Pender Harbour,12.17
Lobster Island,3,Bahamas,25.463572531511,-76.785163879395,no,yes,yes,no,no,yes,no,no,no,no,no,no,no,Spanish Wells,5.92
Sands Island,7,United States of America,30.418490000000002,-81.515264,no,no,yes,no,no,yes,no,no,no,no,no,yes,no,Atlantic Beach,9.06
Low Cay,25,Bahamas,23.93885,-74.481318,no,yes,no,no,yes,no,no,no,no,no,no,no,no,Clarence Town,66.11
Bircholm on Deer Island,50,United States of America,44.264732878337,-74.332858135999,yes,no,no,no,no,yes,no,no,yes,no,no,no,yes,Tupper Lake,7.08
Lakefront Cottages and Golf Course Retreat,40,Canada,45.7179106,-80.048324,yes,no,yes,no,no,yes,no,no,yes,no,no,no,no,Parry Sound District,10.62
Bullocks Harbour Cay,224,Bahamas,25.774739290816,-77.879021238037,yes,yes,yes,no,no,no,yes,no,no,no,no,no,no,San Andros,50.07
White's Island,143,United States of America,45.182037,-67.692089,yes,no,no,no,no,no,no,no,yes,no,no,no,yes,Washington County,15.24
Frying Pan Island,7,Canada,45.165383191976005,-80.13133978302,no,no,yes,yes,no,yes,no,no,yes,yes,no,no,no,Parry Sound,13.41
Hewson and Ardwell Islands,16,Canada,45.172214368224,-80.115378752856,no,no,yes,no,no,yes,no,no,yes,no,no,no,no,Parry Sound,12.71
Monroe Island,160,Philippines,18.195306428277,120.52634155397,yes,no,no,no,no,no,no,no,no,no,no,yes,no,Laoag,4.56
Vernon Island,22,Antigua,17.114604560019,-61.769406492065,no,yes,yes,no,no,no,no,no,no,no,no,no,no,Piggotts,2.03
Malvanua Island,26,Vanuatu,-15.360639417699002,167.19412740583,yes,yes,yes,no,yes,yes,no,no,no,no,no,no,no,Luganville,11.2
Moffat Island,2,Canada,45.537104320001,-80.434898005127,no,no,yes,yes,no,yes,no,no,yes,yes,no,no,no,Parry Sound,23.39
Drowned Caye,95,Belize,17.470201179933,-88.079275512695,yes,yes,no,no,no,no,no,no,no,no,no,no,no,Belize City,8.05
Pilotin Island,335,Vanuatu,-15.286529643393,167.21586949521003,yes,yes,no,no,yes,no,no,no,no,no,no,no,no,Luganville,16.51
Lagoon Caye,14,Belize,16.631804346907,-88.208287122583,no,yes,no,no,no,no,no,no,no,no,no,no,no,Placencia,13.26
Little Horse Island,8,United States of America,32.398244,-80.488175,no,yes,yes,yes,no,yes,no,no,no,no,no,no,no,Beaufort,10.84
San Miguel Archipelago,163,Panama,8.3893417452823,-78.189593253968,yes,yes,no,no,yes,no,no,no,no,no,no,no,no,La Palma,3.6
Les Isle Mouk Mouk,175,Canada,48.454708713091,-79.266014100586,yes,no,no,no,no,no,no,no,yes,no,no,no,no,Rouyn-Noranda,18.75
Platanal Island,6,Panama,8.4447581,-79.00728829999998,no,yes,no,no,yes,no,no,no,no,no,no,no,no,Distrito de Balboa,1.59
Florida Keys Island,15,United States of America,24.749442855805,-80.971813227539,no,yes,no,no,no,no,no,no,no,no,no,no,no,Marathon,7.84
Big Bullard Cay,97,Bahamas,23.486760999999998,-75.8111127,yes,yes,no,no,yes,no,no,no,no,no,no,no,no,George Town,2.56
Round Island Lighthouse,7,United States of America,46.109094466592,-84.021276478302,no,no,yes,no,no,yes,no,no,no,no,no,yes,no,Thessalon,23.83
Tilagica Island,53,Fiji,-16.188257373968998,179.77831222596,yes,yes,yes,no,yes,yes,no,no,no,no,no,no,no,Labasa,32.24
Bracilette Caye Parcel,48,Belize,18.050235,-87.943025,yes,yes,no,no,yes,no,no,no,no,no,no,no,no,San Pedro,9.4
Davuilau Island,54,Fiji,-16.980218292493,177.32736251393,yes,yes,no,no,yes,no,no,no,no,no,no,no,no,Ba,44.6
Water Foot Caye,3,Belize,16.984224399346,-88.09775660084601,no,yes,yes,no,no,yes,no,no,no,no,no,no,no,Dangriga,9.0
Big Strand Island,45,United States of America,48.06686273230601,-92.960222389502,yes,no,yes,no,no,no,no,no,yes,no,no,no,no,Rainy River District,36.63
Black Island,17,United States of America,31.363210625673,-81.406552313153,yes,yes,yes,no,no,yes,no,no,no,no,no,no,no,Darien,1.69
Veterans Key,29,United States of America,24.851059647826,-80.744480801189,yes,yes,no,no,no,no,no,no,no,no,no,no,no,Islamorada,8.89
Lamb Island,1,Canada,49.54908770780501,-123.76579320184999,no,yes,yes,no,no,yes,no,no,no,no,no,no,no,Sechelt,5.12
Cistern Cay,82,Bahamas,25.776362399999996,-77.886746,yes,yes,yes,no,no,no,no,no,no,no,no,no,no,San Andros,50.08
Isla Gallina,22,Panama,8.4541912630456,-78.93070394140601,yes,yes,no,no,yes,no,no,no,no,no,no,no,no,Distrito de Balboa,4.81
Blanchette Island,5,Canada,45.203605586962006,-80.135561594165,no,no,yes,no,no,yes,no,no,yes,no,no,no,no,Parry Sound,11.06
Mclean Island,1200,United States of America,36.262942428875,-89.53071572485399,yes,no,no,no,no,no,no,no,no,no,no,yes,no,Ridgely,2.39
40-Acre Private Island Near Placencia,40,Belize,16.426285671782,-88.429665816052,yes,yes,no,no,no,no,no,no,no,no,no,no,no,Placencia,7.38
Ilha de Sao Joao,5,Brazil,-23.053526241279997,-44.333589076996,no,yes,no,no,no,yes,no,yes,no,no,no,no,no,Angra dos Reis,3.38
Abacos Islands Home,3,Bahamas,26.548263254370003,-77.024316425629,no,no,yes,no,yes,yes,no,yes,no,no,no,no,no,Marsh Harbour,2.48
Lobreau Island,3,Canada,44.749797095913,-78.206546871814,no,no,no,no,no,no,no,no,no,no,no,no,no,Lakefield,22.06
Sturdivant Island,3,United States of America,43.74147,-70.181437,no,yes,yes,no,no,yes,no,no,no,yes,no,no,no,Falmouth Foreside,1.4
Comfort Island,2,United States of America,44.325168154802,-75.936228984131,no,no,yes,no,no,yes,no,no,no,no,yes,yes,no,Alexandria Bay,1.18
Pimlico Island,55,Bahamas,25.348361242617997,-76.85772906499001,yes,yes,no,no,no,no,no,no,no,no,no,no,no,Spanish Wells,14.93
West Ballenas Island,100,Canada,49.346343299999994,-124.1578126,yes,yes,no,no,no,no,no,no,no,no,no,no,no,Fairwinds,5.05
Ustica Island Property,7,Italy,38.7031179,13.168267499999999,no,yes,yes,no,no,yes,no,no,no,no,no,no,no,Sferracavallo,35.32
Bijela Island,8,Croatia,44.86444457105699,14.761233520508,no,yes,no,no,no,no,no,no,no,no,yes,no,no,Lopar,2.68
265 Acre Private Island,3,Belize,16.489544008857997,-88.39318777345,no,yes,no,no,no,no,no,no,no,no,no,no,no,Placencia,2.46
Isla Lacao,206,Chile,-41.808333000000005,-73.618889,yes,yes,no,no,yes,no,no,no,no,no,no,no,no,Ancud,11.03
Tinabian Island,99,Philippines,12.935941730154,121.70809903125,yes,yes,no,no,yes,no,no,no,no,no,no,no,no,Tambong,15.17
Paces Mill Island,45,United States of America,35.806885,-79.180849,yes,no,no,no,no,no,no,no,no,no,no,yes,no,Fearrington Village,5.08
Harris Island,1,United States of America,57.03529399999999,-135.277586,no,yes,yes,no,no,yes,no,no,no,no,no,no,no,Sitka,2.35
Castaway Island,2,Vanuatu,-15.613184137641001,167.14538207473,no,yes,yes,no,yes,yes,no,no,no,no,no,no,no,Luganville,6.54
Double Bay Islands,1,Honduras,16.093263342026,-86.932478049219,no,yes,yes,no,yes,yes,no,no,no,no,no,no,no,Utila,0.5
Carmichael Island,13,Canada,49.7,-94.50399999999999,no,no,no,no,no,no,no,no,yes,yes,no,no,no,Kenora,4.7
Delhaven Island,16,Canada,45.220888200000005,-80.1953245,no,no,no,no,no,no,no,no,yes,no,no,no,no,Parry Sound,11.7
Quoin Island,12,Australia,-23.812112657318,151.28632915344,no,yes,no,no,yes,no,no,no,no,no,no,no,no,Barney Point,2.8
Go Home Bay,4,Canada,44.984704690583,-79.943111293054,no,no,yes,no,no,yes,no,no,yes,no,no,no,no,Midland,16.48
Halibut Island,10,Canada,48.6203309,-123.27305590000002,no,yes,no,no,no,no,no,no,no,no,no,no,no,North Saanich,7.4
Anchor Island,2,Canada,45.4908086,-80.42047729999999,no,no,yes,no,no,yes,no,no,yes,yes,no,no,no,Parry Sound,21.15
Goffatt Island,11,Canada,44.574274,-79.357046,no,no,no,no,no,no,no,no,no,no,no,no,no,Orillia,3.93
Ninth Island,40,Australia,-40.8341575,147.270239,yes,yes,no,no,no,no,no,no,no,no,no,no,no,Bridport,13.13
Great Diamond Island-30 West Shore Drive,1,United States of America,43.67531756836701,-70.20342490957,no,yes,yes,yes,no,yes,no,no,no,yes,no,no,no,South Portland,3.0
"Hawks Nest Cay, Cat Island",42,Bahamas,24.142641977904,-75.52117790646999,yes,yes,no,no,yes,no,no,no,no,no,no,no,yes,Arthur’s Town,34.47
La Sistina,1730,Argentina,-36.971106094021,-62.445041784351,yes,no,yes,no,no,yes,no,no,yes,no,no,no,yes,Guaminí,3.29
Prevost Island Lots,10,Canada,48.831924503132,-123.39888696523,no,yes,yes,no,no,yes,no,no,no,no,no,no,no,Salt Spring Island,4.27
Pedro Island,3,Belize,18.103482227499,-87.970378023804,no,yes,no,no,yes,no,no,no,no,no,no,no,no,San Pedro,12.96
Exclusive Resort on Lake of the Woods,2,Canada,49.0609997,-94.847543,no,no,yes,no,no,yes,no,no,yes,no,no,no,no,Lake of the Woods County,20.24
Legacy Island,14,United States of America,26.743524100000005,-81.492707523804,no,no,yes,no,no,yes,no,no,no,no,yes,yes,no,LaBelle,3.58
Jewfish Key,1,United States of America,27.442697244986,-82.679287457672,no,yes,yes,no,yes,yes,no,no,no,no,no,no,no,Cortez,1.88
Petit Gauke and Little Petit Gauke Islands,37,United States of America,31.911835217990003,-81.113937275391,yes,no,no,no,no,no,no,no,no,no,yes,yes,no,Montgomery,2.04
Morgan's Island,59,United States of America,32.542884769518,-80.72134071118201,yes,no,no,no,no,no,no,no,no,no,no,yes,no,Burton,7.4
Green Paradise Island,32,Philippines,10.2418,119.32700000000001,yes,yes,no,no,yes,no,no,no,no,no,no,no,no,Roxas,5.64
Squaw Island,69,United States of America,45.837138660973,-85.588043247266,yes,no,no,no,yes,no,no,no,yes,no,no,no,no,Schoolcraft County,31.67
North Breeze Island,12,United States of America,32.53102665029,-80.724902636462,no,no,no,no,no,no,no,no,no,no,no,yes,yes,Burton,6.58
Nsonga Island,149,Uganda,-0.021633096094549,32.348887884008,yes,no,yes,no,yes,no,no,no,yes,no,no,no,no,Entebbe,10.51
Pretty Joe Rock,0,United States of America,24.718506098141,-81.08540255588899,no,no,yes,no,no,no,no,no,no,no,no,no,no,Marathon,0.45
Deer Island,90,United States of America,29.235796999999998,-83.079014,yes,yes,no,no,yes,no,no,no,no,no,no,no,no,Levy County,17.8
Maude Island,1,United States of America,57.034086979986,-135.32443173408998,no,yes,yes,yes,no,yes,no,no,no,no,no,no,no,Sitka,1.34
Casco Bay Island,41,United States of America,44.95568529999999,-66.9318625,yes,yes,yes,no,no,yes,no,no,no,yes,no,no,no,Eastport,4.45
xCasco Bay Islandx,41,Canada,44.955627,-66.931286,no,yes,yes,no,yes,yes,no,no,no,yes,no,no,yes,Eastport,4.46
Eagle Island,6,United States of America,47.893065494961995,-92.421407850601,no,no,yes,no,no,yes,no,no,yes,no,no,no,no,Saint Louis County,21.03
Dunsmuir Island,5,Canada,48.992209278232004,-123.79240036011002,no,yes,yes,no,no,no,no,no,no,no,no,no,no,Ladysmith,1.12
Zopango Island,2,Nicaragua,11.884424943680001,-85.901628746033,no,no,no,no,no,yes,no,yes,yes,no,no,no,no,Granada,4.84
Richardson Island,10,Canada,46.145298700000005,-79.57408670000001,no,no,yes,no,no,yes,no,no,yes,yes,no,no,no,North Bay,12.92
Archipelago Resorts,1,Philippines,12.062152000000001,119.877113,yes,yes,no,no,yes,no,no,no,no,no,no,no,no,Panlaitan,4.38
Oulton's Island,211,Canada,46.788461299999994,-64.045517,yes,yes,no,no,no,no,no,no,no,no,no,no,no,Alberton,2.18
Navy's Acre Island,2,Canada,45.226014682986005,-80.189060662537,no,no,yes,yes,no,yes,no,no,yes,yes,no,no,no,Parry Sound,11.23
Douglas Island,4,United States of America,44.50982,-73.86065500000001,no,no,yes,no,no,yes,no,no,yes,no,no,no,no,Dannemora,16.1
Kokomo Property,3,United Kingdom,18.46314011575,-64.536451659277,no,yes,yes,no,yes,yes,no,no,no,no,no,no,no,Saint Paul’s,133.55
"Blue Island, Nova Scotia",188,Canada,43.681932573766005,-65.176161365112,yes,yes,yes,no,yes,no,no,no,no,no,no,no,yes,Shelburne,9.26
Invernairn on Mowat Island,25,Canada,45.365461529733,-80.139771448071,no,no,yes,yes,no,yes,no,no,yes,yes,yes,no,no,Parry Sound,5.23
Watch Island,1,United States of America,44.250363142674,-76.153804305557,no,no,yes,no,no,yes,no,no,no,no,no,yes,no,Clayton,3.45
Belle Island,2,United States of America,44.3408833,-75.927453,no,no,yes,no,no,yes,no,no,no,no,no,yes,no,Alexandria Bay,0.59
"Sheep Island, British Columbia",8,Canada,48.675872848457004,-123.32820262123998,no,yes,yes,no,no,yes,no,no,no,no,no,no,no,North Saanich,4.21
Half Crown Island,4,Canada,46.084811,-75.84819300000001,no,no,yes,no,no,yes,no,no,yes,no,yes,no,no,Saint-Raphaël,13.96
Cayo Theana,7,Belize,16.515966717549,-88.379454772583,no,yes,no,no,no,no,no,no,no,no,no,no,no,Placencia,0.87
Ilha do Magalhaes,1,Brazil,-27.406452605391003,-48.558183597553,no,yes,yes,no,no,yes,no,no,no,no,no,no,no,Governador Celso Ramos,2.7
Third Cay,4,Bahamas,25.502743932266,-76.633879438623,no,yes,no,no,yes,no,no,no,no,no,no,no,no,Dunmore Town,0.16
xAngel Islandx,11,United States of America,46.299860319006996,-86.7694623023,no,no,yes,no,no,yes,no,no,yes,no,no,no,no,Munising,9.59
Ile Parisienne,114,Canada,46.653494,-84.712948,yes,no,no,no,no,no,no,no,yes,yes,no,no,no,Sault Ste. Marie,20.36
Savage Isle,8,United States of America,32.1821495,-80.8653872,no,no,no,no,no,no,no,no,no,no,no,yes,no,Bluffton,3.81
Ilha de Itaoquinha,2,Brazil,-22.773888352059004,-43.073350764865,no,yes,yes,no,no,yes,no,no,no,no,no,no,no,São Gonçalo,3.87
Zuna Island,1,Australia,-10.7196645,142.2921816,no,yes,yes,no,yes,no,no,no,no,no,no,no,no,Thursday Island,10.68
Rosewood Caye,25,Belize,18.048256,-87.947745,yes,yes,no,no,no,no,no,no,no,no,no,no,no,San Pedro,9.22
xEagle Islandx,7,United States of America,45.833068,-88.033817,no,no,no,no,no,no,no,no,yes,no,no,no,no,Iron Mountain,1.78
Rose Island,21,United States of America,46.142301399870995,-89.08527101930001,yes,no,yes,no,no,yes,no,no,yes,no,no,no,no,Eagle River,17.32
South Octopus Island,50,Canada,50.273704262594,-125.22330309463001,yes,yes,no,no,no,no,no,no,no,no,no,no,no,Campbell River,17.81
Isle of Rest,1,Canada,45.227732399999994,-80.1915862,no,no,yes,yes,no,yes,no,no,yes,yes,no,no,no,Parry Sound,11.23
Arthur Island,4,Canada,44.9309025,-79.8864,no,no,yes,yes,no,yes,no,no,yes,yes,no,no,no,Midland,12.49
Camanga Island,75,Philippines,12.298514891194,120.26161098280001,yes,yes,no,no,yes,no,no,no,no,no,no,no,no,Coron,21.08
Dolphin Jump Key,1,United States of America,24.740585819882003,-81.034797722212,no,yes,no,no,no,no,no,no,no,no,no,no,yes,Marathon,3.95
Long Point Island,56,United States of America,36.399231177841,-75.95590125501799,yes,yes,no,no,yes,no,no,no,no,no,no,no,no,Currituck County,2.45
Ile de Paon,6,United States of America,32.424975472531,-80.59638792596401,no,no,no,no,no,no,no,no,no,no,no,yes,yes,Beaufort,4.31
Saints Bay Island,6,Brazil,-12.831019634433,-38.83541978623,no,yes,yes,no,yes,yes,no,no,no,no,no,no,no,Salinas da Margarida,6.41
Palette Island,5,Canada,48.536789299999995,-88.9013806,no,no,yes,yes,no,yes,no,no,yes,no,no,no,no,Thunder Bay,19.23
McLaren Island,2,Canada,45.276379806297996,-80.094785678821,no,no,yes,no,no,yes,no,no,yes,no,no,no,no,Parry Sound,5.69
Ireson Island Lodge,43,Canada,46.091203,-81.78825,yes,no,no,no,no,yes,no,no,yes,no,yes,no,no,Little Current,10.13
Lily Island,8,Canada,49.15634402842,-123.69874060831002,no,yes,no,no,no,no,no,no,no,no,no,no,no,Cedar,7.49
Julia Island,7,Canada,48.875164500000004,-123.3965906,no,yes,yes,no,no,no,no,no,no,no,no,no,no,Ganges,4.95
Trophy Island,19,United States of America,59.469152568793,-154.58169651855,no,no,yes,no,no,yes,no,no,yes,yes,no,no,no,Anchor Point,98.41
Kangaroo Island,410,Australia,-25.430446547811,152.88147001222,yes,yes,no,no,yes,no,no,no,no,no,no,no,no,River Heads,2.23
Hatobanari Island,2,Japan,24.4188889,123.82111110000001,no,yes,no,no,yes,no,no,no,no,no,no,no,no,Ishigaki,21.76
Fish Bladder Island,12,United States of America,44.6719893,-73.2531858,no,no,yes,no,yes,yes,no,no,yes,no,no,no,no,Milton,7.36
Casa Brisa by the Sea,3,Belize,17.955282999999998,-87.982754,no,yes,yes,no,yes,yes,no,no,no,no,no,no,no,San Pedro,2.93
Punta Entrada,15,Panama,8.0751695249186,-81.736538936279,no,yes,no,no,yes,no,no,no,no,no,no,no,no,Distrito de Tolé,9.51
Isla Tortuga,309,Chile,-40.702163464535,-73.802088015625,yes,yes,no,no,yes,no,no,no,no,no,no,no,no,Osorno,36.16
Manchee Island,5,Canada,45.170669399999994,-80.100059,no,no,yes,no,no,yes,yes,no,yes,yes,no,no,no,Parry Sound,12.61
Katinka Island,5,United States of America,46.208000300771,-89.78754569469,no,no,yes,no,no,yes,no,no,yes,no,no,no,no,Vilas County,16.9
Trstenik Island,4,Croatia,42.914005109239,16.675436569824,no,yes,yes,no,no,no,no,no,no,no,yes,no,no,Vela Luka,4.16
Island C-935,5,Canada,45.347625206832,-80.2892995,no,no,yes,yes,no,yes,no,no,yes,yes,no,no,no,Parry Sound,12.34
Crown Island,18,Canada,45.068952200000005,-79.5231132,no,no,yes,yes,no,yes,no,no,yes,yes,no,no,no,Bracebridge,10.39
Yacht Club Island,2,Canada,49.742582393833,-94.51807510185199,no,no,yes,no,no,yes,no,no,yes,yes,no,no,no,Kenora,2.13
The Pines Island,28,Canada,45.232963,-80.1845614,no,no,no,no,no,no,no,no,yes,yes,no,no,no,Parry Sound,10.73
Whipperwill North Island,4,Canada,45.337179425998,-80.293198745972,no,no,yes,no,no,yes,no,no,yes,yes,no,no,no,Parry Sound,12.55
Twin Pines on Mowat Island,12,Canada,45.365401226592,-80.14895533173801,no,no,yes,no,no,yes,no,no,yes,yes,yes,no,yes,Parry Sound,5.66
Island of Sirens,1,Italy,37.858355221154,15.300878364418,no,yes,no,no,no,no,no,no,no,no,no,no,no,Taormina,0.75
Sumba Island Properties,5,Indonesia,-9.7699747467317,119.36698717401,yes,yes,no,no,yes,no,no,no,no,no,no,no,no,Kabupaten Sumba Barat,15.14
Surf Beach Property,4,Indonesia,-9.6993439,119.9740534,no,yes,no,no,yes,no,no,no,no,no,no,no,no,Waingapu,19.97
Goring Bogue Caye,6,Belize,17.422141261106997,-88.069838432983,no,yes,no,no,yes,no,no,no,no,no,no,no,no,Belize City,9.97
White Cloud Island,36,Canada,44.8369732,-80.9741642,yes,no,no,no,yes,no,no,no,yes,no,no,no,no,Owen Sound,18.7
Jewfish Key Beachfront Lot,1,United States of America,27.443838324341,-82.680768176599,no,yes,no,no,yes,no,no,no,no,no,no,no,no,Cortez,1.78
Everglades Escape,80,United States of America,25.913041694776002,-80.818531846558,yes,no,yes,no,no,yes,no,no,no,no,no,no,no,Monroe County,25.33
Jelina Island,7,Canada,49.513933095533,-124.30686217853999,no,yes,no,no,no,no,no,no,no,no,no,no,no,French Creek,12.13
Prince Cay,9,Bahamas,26.951557116055003,-77.60854041543,no,yes,yes,no,yes,no,no,no,no,no,no,no,no,Cooper’s Town,8.16
Davis Island,10,Canada,45.288116943323004,-80.278564462891,no,no,no,yes,no,no,no,no,yes,yes,no,no,no,Parry Sound,12.51
The Tryon Islands,6,Canada,45.0737604,-80.0796331,no,no,yes,no,no,yes,no,no,yes,yes,no,no,no,Parry Sound,19.02
Isla Milagrosa,12,Philippines,8.6487888254014,123.49008915063,no,yes,yes,no,no,no,no,no,no,no,no,no,no,Sibutao,3.96
Kanadeio Island,1,Canada,45.541124442523,-80.478814337997,no,no,yes,no,no,yes,no,no,yes,yes,no,no,no,Parry Sound,25.33
Phuket Island Villas,0,Thailand,7.999147902633599,98.34481158242201,no,no,yes,no,no,no,no,no,no,no,no,no,no,Amphoe Thalang,2.52
Lower Harbour Cay,5,Bahamas,25.083136677834002,-77.201706503552,no,yes,yes,no,no,no,no,no,no,no,no,no,no,Nassau,9.01
3-acre Parcel on Long Island,3,Bahamas,23.467654,-75.223302958167,no,yes,no,no,yes,no,yes,no,no,no,yes,no,no,Clarence Town,29.62
Chatuge Island,4,United States of America,34.967576084666,-83.750873426056,no,no,no,yes,no,no,no,no,yes,no,no,no,no,Towns County,3.6
Tavewa Island Property,5,Fiji,-16.926284699999997,177.35997949999998,no,yes,no,no,yes,no,no,no,no,no,no,no,no,Ba,46.85
Yellow Rock Island,330,Australia,-30.481336758249,153.02589741948,yes,yes,no,no,yes,no,yes,no,no,no,no,no,no,Urunga,1.29
Johnston Island,12,United States of America,44.024194774282996,-69.390963693579,no,yes,yes,no,yes,yes,no,no,no,no,yes,no,yes,Friendship,3.98
Hõra Island,60,Estonia,58.900430263608,23.064079284668,yes,yes,no,no,no,no,no,no,no,no,yes,no,no,Kärdla,13.08
Heather Island,157,United States of America,27.050070299999998,-81.9874,no,no,no,no,no,no,no,no,no,no,no,no,no,Harbour Heights,4.19
Clark Island,176,United States of America,29.239357309115,-83.055634328003,yes,no,no,no,no,no,no,no,no,no,no,yes,no,Levy County,16.37
Blue Hole Cay,12,Bahamas,24.205637077584,-77.609825134277,no,yes,yes,no,yes,no,no,no,no,no,no,no,no,Andros Town,35.93
Treetop Island,4,United States of America,42.378175537238995,-88.189944082803,no,no,yes,yes,no,yes,no,no,yes,no,no,no,no,Fox Lake,1.32
Fort Montgomery Island,94,United States of America,45.006261,-73.34961899999999,yes,no,no,no,no,no,no,no,yes,no,yes,no,no,Rouses Point,1.13
Quiet Cove Key,0,United States of America,24.738329914275997,-81.01329596693401,no,no,yes,no,no,no,no,no,no,no,no,no,no,Marathon,5.13
Coco Plum Cay,5,Honduras,16.422238403904,-86.190936080518,no,yes,yes,no,yes,no,no,no,no,no,no,no,no,José Santos Guardiola,7.65
Yauchler Island,5,United States of America,42.828613,-74.124566,no,no,yes,no,no,yes,no,no,yes,no,no,no,no,Schenectady County,3.42
Golfo Dulce Island Property,32,Costa Rica,8.5954379818793,-83.17390429339599,yes,yes,yes,no,yes,yes,no,no,no,no,no,no,no,Golfito,3.7
Fane Island,2,Canada,48.807271500000006,-123.269226,no,yes,yes,no,no,no,no,no,no,no,no,no,no,Salt Spring Island,10.1
Luella Island,1,Canada,45.094632891836994,-79.513283081476,no,no,yes,yes,no,yes,no,no,yes,yes,no,no,no,Bracebridge,10.5
Humphrey Island,17,United States of America,45.271943088414,-94.02734762485399,yes,no,no,no,no,no,no,no,yes,no,no,no,no,Maple Lake,3.21
Little Ironsides Island,1,United States of America,44.396643,-75.84586,no,no,yes,no,no,yes,no,no,no,no,no,yes,no,Alexandria Bay,5.5
Carlotta Island,14,Canada,45.138622414478,-80.067633758197,no,no,yes,no,no,yes,no,no,yes,yes,no,no,no,Parry Sound,14.51
Basin Island,26,United States of America,44.871577447949,-87.517389272491,no,no,no,no,no,no,no,no,no,no,no,no,no,Sturgeon Bay,7.34
5003 THOMPSON LANE SE,4,United States of America,47.002125899999996,-122.72006,no,no,yes,no,no,yes,no,no,yes,no,no,no,no,Tanglewilde-Thompson Place,4.43
Marakorako Island,8,France,-14.4028975,-145.958135,no,yes,yes,no,yes,yes,no,no,no,no,no,no,no,Avarua,1022.54
Hanhisaari Island,21,Finland,62.303496499999994,28.3219673,yes,no,no,no,no,no,no,no,yes,no,no,no,no,Kangaslampi,2.28
Jumbo Island,12,Canada,45.1584299,-80.1357846,no,no,yes,no,no,yes,no,no,yes,no,no,no,no,Parry Sound,13.94
Shore Island,30,Ireland,52.692777799999995,-9.055833300000002,yes,yes,no,no,no,no,no,no,no,no,no,no,no,Askeaton,7.26
MacLean Island,16,Canada,45.329802095252,-80.221056832788,no,no,yes,no,no,yes,no,no,yes,no,no,no,no,Parry Sound,9.1
Guilihan Island,3,Philippines,9.719752,126.074347,no,yes,yes,no,yes,no,no,no,no,no,no,no,no,Dapa,3.1
"Blackbook Listing
(2132)",0,Nicaragua,11.915325297967,-85.905318260193,no,no,yes,yes,no,yes,no,no,yes,no,no,no,no,Granada,3.57
Tsuga Island,17,United States of America,44.887880828666,-69.26748524501299,no,no,yes,no,no,yes,no,no,yes,no,no,no,no,Corinna,2.32
Bells Island,62,United States of America,34.732495604957,-76.50145020104999,yes,yes,no,no,yes,no,no,no,no,no,no,no,no,Harkers Island,4.18
McCaffrey Island,6,United States of America,44.5790071,-124.01650590000001,no,no,no,no,no,no,no,no,no,no,no,no,no,Newport,4.39
Île Québec,64,Canada,46.382059088512,-75.11697979895,no,no,no,no,no,no,no,no,yes,no,no,no,no,Rivière-Rouge,12.2
Dutra's Island,4,United States of America,38.030367290976,-121.5806391749,no,no,no,no,no,no,no,no,no,no,no,no,no,Bethel Island,3.43
West Calf Island,62,Ireland,51.474428718687,-9.5181083679199,yes,yes,yes,no,no,no,no,no,no,no,yes,no,no,Skibbereen,12.01
"Deep Water Cay, Grand Bahama",91,Bahamas,26.630939548199,-77.921202798981,yes,yes,yes,no,yes,yes,yes,no,no,no,no,no,no,High Rock,22.13
Indigo Point,4,United Kingdom,18.457603957689,-64.537910780982,no,yes,no,no,yes,no,no,no,no,no,no,no,no,Saint Paul’s,133.42
Bareneck Island,15,United States of America,43.884565966581,-69.738103797607,no,no,yes,no,no,yes,no,no,yes,no,no,yes,no,Woolwich,3.93
Brown Island,48,United States of America,45.2861258,-83.4799804,yes,no,yes,no,no,yes,no,no,yes,no,no,no,no,Alpena County,15.41
Amazon Resort Island,27,Brazil,-3.5941667,-60.026944444399994,no,no,no,no,no,yes,no,no,yes,yes,yes,no,no,Iranduba,24.03
Big Trout Island,30,United States of America,46.055721999999996,-83.853021,yes,no,yes,no,no,yes,no,no,yes,no,no,no,no,Thessalon,19.19
Soldier Caye,5,Belize,17.324795503682,-87.788872642853,no,yes,no,no,yes,no,yes,no,no,no,no,no,no,Belize City,29.52
Arrow Head Caye,4,Belize,17.476612563636,-88.07131901235901,no,yes,no,no,no,no,no,no,no,no,no,no,no,Belize City,8.47
Green Bay Island,15,Philippines,10.257558705102,119.36837046627,no,yes,yes,no,yes,no,no,no,no,no,no,no,no,Roxas,4.69
Mouse Island,0,United States of America,41.315669590206,-71.991948846835,no,no,yes,no,no,yes,no,no,no,no,no,no,no,Noank,0.85
11907 Ocklawaha Drive,12,United States of America,28.852008357708996,-81.758651344566,no,no,yes,no,no,yes,no,no,yes,no,no,no,no,Silver Lake,2.5
Bonefish Cay,6,Bahamas,24.314932631698,-77.824013893542,no,yes,no,no,yes,no,no,no,no,no,no,no,no,Andros Town,27.17
Nanuku Levu Island,11,Fiji,-16.718845077294,-179.45377655029,no,yes,yes,no,yes,no,no,no,no,no,no,no,no,Cakaudrove Province,74.84
Ermyn Island,11,Canada,45.202555467843,-80.139403875147,no,no,yes,yes,no,yes,no,no,yes,yes,no,no,no,Parry Sound,11.21
Second Sister Island,3,Canada,48.8376344,-123.45405690000001,no,yes,yes,no,no,no,no,no,no,no,no,no,no,Salt Spring Island,2.12
Santa Lucia,100,Nicaragua,10.943003057792001,-83.710919960669,no,yes,no,no,no,no,no,no,no,no,no,no,no,Pococí,31.06
Horse Island (Massachusetts),3,United States of America,42.2384343,-70.774486,no,no,no,no,no,no,no,no,no,no,no,yes,no,North Scituate,1.46
McIntyre Island,11,United States of America,48.617244899999996,-93.287014,no,no,yes,no,yes,yes,no,no,yes,no,no,no,yes,Fort Frances,5.17
Lime Cay,10,Nicaragua,12.438022,-83.43251500000001,no,yes,no,no,yes,no,no,no,no,no,no,no,no,Laguna de Perlas,17.4
Namaste Island,8,United States of America,44.691832237258,-85.710048185181,no,no,yes,no,no,yes,no,no,yes,no,no,no,no,Traverse City,6.59
Namakan Lake Island,2,Canada,48.445390595393,-92.687553947885,no,no,yes,no,no,yes,no,no,yes,no,no,no,no,Rainy River District,9.37
Hunter's Island,7,Canada,45.934466604797,-66.161521020996,no,no,yes,no,no,yes,no,no,yes,yes,no,no,no,Oromocto,16.75
Tibbett Island,3,Canada,45.2399277,-80.1984423,no,no,yes,yes,no,yes,no,no,yes,yes,no,no,no,Parry Sound,10.86
Crichton Island,100,Canada,45.5080283,-61.095695299999996,yes,yes,yes,no,no,no,no,no,no,yes,no,no,no,Port Hawkesbury,14.36
Turquoise Caye,5,Belize,18.107407078176,-87.966627408618,no,yes,no,no,no,no,no,no,no,no,no,no,no,San Pedro,13.23
Oullette Island,20,Canada,46.556399,-75.364071,no,no,yes,no,no,yes,no,no,yes,yes,no,no,no,Mont-Laurier,6.44
Wah Wah Taysee Property,9,Canada,45.07520782771,-80.065739160449,no,no,yes,no,no,yes,no,no,yes,no,no,no,no,Parry Sound,18.86
Cow and Calf Islands,60,Canada,45.797456210882,-61.048890626715,yes,no,no,no,no,no,no,no,yes,yes,no,no,no,Princeville,12.21
Starlings Island,75,United States of America,37.916135851615,-75.732707724854,yes,no,no,no,no,no,no,no,yes,no,no,no,no,Crisfield,8.07
Cayo Frenchman,7,Nicaragua,11.737861687567001,-83.61207796922301,no,yes,yes,no,no,yes,no,no,no,no,no,no,no,Bluefields,21.63
Exile Island,15,Fiji,-16.271126265195,179.43393947924,no,yes,no,no,yes,no,no,no,no,no,yes,no,no,Labasa,12.11
Golding Cay,3,Bahamas,25.529912486363,-76.85076353904,no,yes,no,no,yes,no,no,no,no,no,no,no,no,Spanish Wells,5.54
Big Trout Island 2,46,United States of America,46.055793737177,-83.852953161902,yes,no,yes,no,no,yes,no,no,yes,no,no,no,no,Thessalon,19.18
Isla Leo,2,Panama,9.5767085167031,-79.34258107602,no,yes,yes,no,yes,yes,no,no,no,no,no,no,no,Distrito de Santa Isabel,6.69
Bootleg Island,6,United States of America,32.680448965336,-85.109435139117,no,no,yes,yes,no,yes,no,no,yes,no,yes,no,yes,Smiths Station,9.72
North East Pavis Island,11,Canada,45.560968200000005,-80.4662676,no,no,no,no,no,no,no,no,yes,no,no,no,no,Parry Sound,25.58
Beulah Island,3,Canada,45.222175299999996,-80.1811575,no,no,yes,yes,no,yes,no,no,yes,yes,no,no,no,Parry Sound,11.18
Motu Opuou,1,France,-16.561297861051,-151.4558982933,no,yes,no,no,yes,no,no,no,no,no,no,no,no,Avarua,631.34
Fantasy Guyisland,3,United States of America,45.711388,-94.22299100000001,no,no,no,no,yes,no,no,no,no,no,no,yes,no,Rice,2.8
31 Mile Lake,25,Canada,46.164404519903,-75.806410644922,yes,no,yes,no,no,yes,no,no,yes,no,no,no,no,Saint-Raphaël,11.64
Lighthouse Island,5,Canada,45.894251275682,-80.74134428173801,no,no,yes,yes,no,yes,no,no,yes,yes,no,no,no,Lively,42.07
Bachelor Island,4,United States of America,34.712632943113,-76.522873342037,no,yes,yes,no,yes,yes,no,no,no,no,no,no,no,Harkers Island,2.4
Cherry Island,8,United States of America,38.563030376469,-76.211800904907,no,no,no,no,no,no,no,no,yes,no,no,no,no,Algonquin,5.89
Diamond Cay,1,Honduras,16.113511905399,-86.941889989258,no,yes,no,no,yes,no,no,no,no,no,no,no,no,Utila,1.18
O'Dowd Island,13,United States of America,44.74313409345,-93.518613454492,no,no,yes,no,no,yes,no,yes,yes,no,no,no,yes,Shakopee,3.81
Sandpoint Lake Island,2,United States of America,48.40720968791,-92.451170015283,no,no,yes,no,no,yes,no,no,yes,no,no,no,no,Rainy River District,6.78
Ahe Atoll Motu,17,France,-14.431034977429999,-146.27718546453002,no,yes,yes,no,yes,no,no,no,no,no,no,no,no,Avarua,1003.01
Papoose Island,0,United States of America,44.247437079505,-76.149344934393,no,no,yes,no,no,no,no,no,no,no,no,no,no,Clayton,3.19
Lizard Island,76,Canada,47.412112995635994,-84.81977529626501,yes,no,no,no,yes,no,no,no,yes,no,no,no,no,Algoma,37.43
Island C-915,18,Canada,46.056973897166,-81.565002617322,no,no,yes,no,no,yes,no,no,yes,yes,no,no,no,Espanola,16.93
Cusabo Island,47,United States of America,32.653843,-79.976937,yes,yes,yes,no,no,yes,no,no,no,no,no,no,no,Folly Beach,2.13
West Snake Caye,9,Belize,16.191335850014,-88.57158938921499,no,yes,no,no,yes,no,no,no,no,no,no,no,no,Punta Gorda,17.06
Pine Island,2,United States of America,47.621050953776,-93.349835593146,no,no,yes,no,no,yes,no,no,yes,no,no,no,no,Itasca County,15.25
Eagles Nest Island,20,United States of America,46.233751,-89.400666,yes,no,no,no,no,no,no,no,yes,no,no,no,no,Vilas County,13.64
Deep Blue Water Caye,2,Belize,16.813700917810003,-88.142833137512,no,yes,no,no,no,no,no,no,no,no,no,no,no,Dangriga,12.32
Private Island at Big Narrows,9,Canada,49.52228399646,-94.72275185920401,no,no,yes,no,no,yes,no,no,yes,yes,no,no,no,Kenora,19.89
Duval Island,5,Canada,46.323902318257,-84.0854061021,no,no,no,no,no,yes,no,no,yes,no,no,no,yes,Sault Ste. Marie,17.13
Sunset Key,5,United States of America,28.174881,-82.79256099999999,no,yes,no,no,no,no,no,no,no,no,no,no,no,Key Vista,1.92
Bearberry Island,3,United States of America,47.46869,-88.100378,no,no,yes,no,no,yes,no,no,yes,no,no,no,no,Keweenaw County,13.85
Hudson River Island,84,United States of America,43.271436791847,-73.666183252887,yes,no,no,yes,no,no,no,no,no,no,no,yes,no,West Glens Falls,2.17
Coquina Key,1,United States of America,28.175594378305,-82.794281411551,no,yes,no,no,no,no,no,no,no,no,no,no,no,Key Vista,1.97
Iguana Island,5,Nicaragua,11.879639997179,-83.671492346875,no,yes,yes,no,no,yes,no,no,no,no,no,no,no,Bluefields,11.16
Horseshoe Island,5,Canada,45.521219962072,-80.466062877924,no,no,no,no,no,no,no,no,yes,yes,no,no,no,Parry Sound,24.1
xShore Islandx,2,Canada,49.545609490633,-94.372200376843,no,no,yes,no,no,yes,no,no,yes,yes,no,no,no,Kenora,16.2
Island C-921,2,Canada,45.66945379462,-80.159070942297,no,no,yes,no,no,yes,no,no,yes,yes,no,no,no,Parry Sound District,16.69
South Benjamin Island,5,Canada,46.084340000000005,-82.25571,no,no,no,no,no,yes,no,no,yes,yes,no,no,no,Little Current,17.45
Morlock Island - C-933,3,Canada,45.4308051,-80.3833537,no,no,yes,yes,no,yes,no,no,yes,yes,no,no,no,Parry Sound,17.85
Gull Island,15,United States of America,45.702512,-85.83714599999999,no,no,yes,no,no,yes,no,no,yes,no,no,no,no,Manistique,26.44
Eugley Island,0,United States of America,43.997157770840005,-69.365959104755,no,no,yes,no,no,no,no,no,no,no,no,no,yes,Friendship,1.84
Lake Winter Island,5,United States of America,45.811293312835,-90.98681996826201,no,no,yes,no,no,yes,no,no,yes,no,no,no,no,Sawyer County,8.96
Shadynook Cottage,2,Canada,45.170467510655,-80.103496043239,no,no,no,no,no,no,no,no,no,no,no,no,no,Parry Sound,12.66
Black Sturgeon Island,11,Canada,49.872,-94.45,no,no,yes,no,no,yes,no,no,yes,yes,no,no,no,Kenora,7.44
Burts Island,5,Canada,48.818768967672995,-125.15112641716001,no,yes,no,no,no,no,no,no,no,no,no,no,no,Ucluelet,19.86
Manda Island Property,1,Kenya,-2.2746473780585,40.973824822412,no,yes,no,no,yes,no,no,no,no,no,no,no,no,Lamu,4.96
Isle of Navaro,9,Panama,9.2384858128759,-82.222012731491,no,yes,yes,no,no,no,no,no,no,no,no,no,no,Bocas del Toro,7.17
Isla Quiros,4,Panama,8.4345311697522,-78.983000706082,no,yes,no,no,yes,no,no,no,no,no,no,no,no,Distrito de Balboa,2.51
Ormond By the Sea,1,United States of America,29.426010820628,-81.108991814819,no,yes,no,no,no,no,no,no,no,no,no,no,no,Flagler Beach,3.55
Lizzie Island,5,United States of America,46.642863140349,-96.013993372522,no,no,yes,no,yes,yes,no,no,yes,no,no,no,no,Pelican Rapids,5.96
Campbell Island,97,United States of America,42.551183,-73.75268,yes,no,no,no,no,no,no,no,no,no,no,yes,no,Castleton-on-Hudson,2.27
Tilloo Pond,11,Bahamas,26.444296883902002,-76.988294073541,no,yes,yes,yes,yes,yes,no,yes,no,no,yes,no,no,Marsh Harbour,8.16
Kidney Island,6,United States of America,46.408818223109996,-90.2384748435,no,no,yes,no,no,yes,no,no,yes,no,no,no,no,Hurley,3.75
Opal Caye,5,Belize,16.500319896401997,-88.286894647113,no,yes,no,no,yes,no,no,no,no,no,no,no,no,Placencia,5.36
Private Island South,7,Canada,49.44576286664,-94.75484595644501,no,no,no,no,no,no,no,no,yes,yes,no,no,no,Kenora,25.19
"43-Acre Island off Riversdale, Placencia",4,Belize,16.678434852162002,-88.189297572723,no,yes,no,no,no,no,no,no,no,no,no,no,no,Placencia,16.32
Virginia Caye,4,Belize,16.797079744115,-88.155287660956,no,yes,yes,no,yes,yes,no,no,no,no,no,no,no,Dangriga,12.99
xBrown Islandx,5,United States of America,45.069038770373,-68.153034165173,no,no,yes,no,no,yes,no,no,yes,no,no,no,no,Enfield,23.75
Farquharson Island,135,Canada,50.597193543747,-126.32138808623002,no,no,no,no,no,no,no,no,no,no,no,no,no,Port McNeill,33.56
Angel's Nest,4,United States of America,26.518790999999997,-82.11927,no,no,no,no,no,no,no,no,no,no,no,no,no,Saint James City,2.92
Heli Island Retreat,7,Canada,46.216416358081,-79.425575954309,no,no,yes,no,no,yes,no,no,yes,yes,no,no,no,North Bay,7.2
Johnson Island Alderson,36,United States of America,37.726818286747,-80.652204400911,yes,no,yes,no,no,yes,no,no,no,yes,yes,yes,no,Alderson,0.56
Atcheson Island,1,Canada,46.08381729999999,-79.7780132,no,no,yes,no,no,yes,no,no,yes,yes,no,no,no,Powassan,20.83
Connington Island,6,Canada,44.47914110037,-63.788719503180005,no,yes,no,yes,no,no,no,no,no,no,no,no,yes,Halifax,15.7
Etta's Island,4,United States of America,45.109884447481,-69.169785122684,no,no,yes,no,no,yes,no,no,yes,no,no,no,no,Garland,4.96
Steele Island,0,Canada,45.551207170262,-80.490211248398,no,no,no,no,no,no,no,no,no,no,no,no,no,Parry Sound,26.17
Hartman Island,2,Canada,45.1346816,-80.076873013739,no,no,yes,no,no,yes,no,no,yes,yes,no,no,yes,Parry Sound,14.83
Kalgin Island,5,United States of America,60.476067500000006,-151.91807,yes,yes,yes,no,yes,yes,no,no,no,no,no,no,no,Kalifornsky,21.77
Phoebe Island,2,United States of America,45.265029339485,-69.194745560545,no,no,yes,no,no,yes,no,no,yes,yes,no,no,yes,Dover-Foxcroft,5.85
Freedrinks Island,9,Canada,45.8637741,-80.6180282,no,no,yes,no,no,yes,no,no,yes,yes,no,no,no,Parry Sound District,38.62
Bustard Island,3,Canada,45.894028959984,-80.888889710315,no,no,yes,no,no,yes,no,no,yes,no,no,no,no,Lively,39.3
Saddle Caye 219,2,Belize,16.688594068143,-88.170110931616,no,yes,no,no,no,no,no,no,no,no,no,no,no,Placencia,17.73
Farolan Island,0,Philippines,10.511453803001,122.49026415638001,no,no,no,no,no,no,no,no,no,no,no,no,no,Nueva Valencia,2.8
Howard Island,2,United States of America,46.033126531118,-83.754128634393,no,no,yes,no,no,yes,no,no,yes,no,no,no,no,Thessalon,17.47
Motu Tohepuku,19,France,-16.169304653128,-144.78558769226,no,yes,no,no,yes,no,no,no,no,no,no,no,no,Avarua,1040.35
Majestic Island,1,United States of America,43.45952320713101,-88.870159994443,no,no,yes,no,no,yes,no,no,yes,no,no,no,no,Beaver Dam,1.65
Maple Island,38,Canada,43.818881756539,-66.000594828369,yes,no,yes,no,no,yes,no,no,no,no,no,yes,no,Yarmouth,5.82
Rothwells Island,1,Canada,44.826915,-76.1771,no,no,yes,no,no,yes,no,no,yes,no,yes,no,no,Perth,6.17
1 Snake Island,7,Canada,44.795874991631,-79.84481724853501,no,no,no,no,no,no,no,no,yes,yes,no,no,no,Midland,3.67
Isla Carabana Sol,0,Panama,9.245485199866,-82.241268697623,no,no,yes,no,no,yes,no,no,no,no,no,no,no,Bocas del Toro,6.55
McKelvey Island,11,Canada,54.6920308,-125.2333216,yes,no,yes,no,no,yes,no,no,yes,no,no,no,no,Burns Lake,38.33
Butterfield Island,1,Canada,46.375766999999996,-82.93495,no,no,yes,no,no,yes,no,no,yes,no,no,no,no,Elliot Lake,14.4
Salt Cay Parcels,2,Turks and Caicos,21.340551587441002,-71.200635446484,no,yes,yes,no,yes,no,no,no,no,no,no,no,no,Luperón,101.31
Ropewalk Caye,7,Belize,17.228154932228,-87.861184801819,no,yes,no,no,yes,no,no,no,no,no,no,no,no,Belize City,29.04
22-Acre Peninsula on Saddle Caye,2,Belize,16.689005732287,-88.169719627231,no,yes,no,no,no,no,no,no,no,no,no,no,no,Placencia,17.77
Hat Caye,1,Belize,17.175242341377,-87.61968766156001,no,yes,no,no,yes,no,no,no,no,no,no,no,no,Dangriga,42.93
Hobson Island,110,Canada,54.635002,-124.97085600000001,no,no,yes,no,no,no,no,no,yes,no,no,no,no,Burns Lake,42.33
Greer Island,5,United States of America,44.054161,-68.784542,no,yes,no,no,no,no,no,no,no,no,no,no,no,Vinalhaven,2.38
08-Acre Island in Placencia Village,1,Belize,16.516117734175,-88.37024415795,no,no,no,no,no,no,no,no,no,no,no,no,no,Placencia,0.28
Jenson Island,4,Canada,49.2564487,-94.3296827,no,no,yes,no,no,yes,no,no,yes,yes,no,no,no,Kenora,36.03
Dry Island,2,Canada,45.125510239123,-79.975811217383,no,no,yes,yes,no,yes,no,no,yes,yes,no,no,no,Parry Sound,15.6
Indian Islands,45,Canada,45.612516252606,-60.996683725287,no,yes,no,no,yes,no,no,no,no,no,no,no,no,Port Hawkesbury,17.01
Billy Goat Island,4,Canada,48.866076286792,-124.18810613486,no,no,yes,no,no,no,no,no,yes,no,no,no,no,Lake Cowichan,6.7
2630,2,Belize,16.537698908757,-88.36295402321801,no,yes,no,no,yes,no,no,no,no,no,no,no,no,Placencia,1.64
2-Acre Private Island Near Placencia,2,Belize,16.560139500663,-88.198116185999,no,yes,no,no,yes,no,no,no,no,no,no,no,no,Placencia,11.59
Bodden Caye,2,Belize,16.980237997251,-88.095487452019,no,yes,no,no,no,no,no,no,no,no,no,no,no,Dangriga,9.12
"Bird Island, SC",1,United States of America,32.399649988038,-80.828334800928,no,yes,yes,no,no,no,no,no,no,no,no,no,no,Laurel Bay,4.32
The Enclave at Placencia Caye,2,Belize,16.511133800000003,-88.36005420000001,no,yes,yes,no,no,yes,no,no,no,no,no,no,no,Placencia,0.47
Craig Island,12,Canada,49.558224767849,-94.429724924512,no,no,no,no,no,no,no,no,no,no,no,no,no,Kenora,14.7
Wild Cane Key,3,Panama,9.350536305084999,-82.16832671892399,no,yes,no,no,no,no,no,no,no,no,no,no,no,Isla Bastimentos,4.23
Frypan Island,7,Canada,50.084974202488006,-91.925728719604,no,no,yes,yes,no,yes,no,no,yes,yes,no,no,no,Sioux Lookout,2.86
Saddle Caye 59,6,Belize,16.686045371501997,-88.171055069189,no,no,no,no,no,no,no,no,no,no,no,no,no,Placencia,17.56
Fox Point Island,2,United States of America,44.954250729144,-67.394955200261,no,no,yes,no,no,yes,no,no,yes,yes,no,no,no,Washington County,10.52
"Bocal Island, Nicaragua",3,Nicaragua,11.577474873935001,-83.64865257135,no,yes,yes,no,no,no,no,no,no,no,no,no,no,Bluefields,31.12
Sunset Island,0,Belize,17.931717283266998,-87.978750164154,no,no,no,no,no,no,no,no,no,no,no,no,no,San Pedro,1.38
Quiana Island,6,United States of America,57.001799820595,-135.30143311905002,no,yes,yes,no,no,yes,no,no,no,no,no,no,no,Sitka,3.72
Fairy Island,1,United States of America,42.801781,-88.428177,no,no,yes,no,no,yes,no,no,yes,no,no,no,no,East Troy,1.63
Tahifehifa Island,1,Tonga,-18.811052408543,-173.99761307277,no,yes,no,no,yes,no,no,no,no,no,no,no,no,Neiafu,11.12
Pickerel Pine Island,3,Canada,45.99534,-80.605994,no,no,no,no,no,no,no,no,no,no,no,no,no,Greater Sudbury,38.79
Standerson Island,27,United States of America,46.06613170000001,-83.77194909999999,yes,no,no,no,no,no,no,no,yes,no,no,no,no,Thessalon,16.07
Mowat Island L-727,14,Canada,45.3676324,-80.1499853,no,no,no,no,no,no,no,no,yes,yes,no,no,no,Parry Sound,5.74
Deo Gratia,3,Canada,45.981955,-81.232543,no,no,yes,no,no,yes,no,no,no,yes,no,yes,no,Lively,31.44
Bensley Island,12,Canada,46.043265000000005,-81.659104,no,no,no,no,no,no,no,no,yes,no,no,no,no,Little Current,13.49
Deadman Caye 14 acres,1,Belize,17.196610999999997,-87.86444499999999,no,yes,no,no,yes,no,no,no,no,no,no,no,no,Dangriga,28.96
Gullah Island,3,United States of America,32.141802,-80.89379699999999,no,yes,no,no,no,no,no,no,no,no,no,no,no,Bluffton,6.87
Narrows Island,6,United States of America,44.805156182929004,-67.35468900000001,no,no,no,no,no,no,no,no,yes,no,no,no,no,East Machias,4.87
Stono Island,1,United States of America,32.661313452356,-79.99882145767201,no,no,no,no,no,no,no,no,no,no,no,yes,no,Folly Beach,3.43
Lark Caye,3,Belize,16.512252451403,-88.25902113103001,no,yes,no,no,yes,no,no,no,no,no,no,no,no,Placencia,7.12
Wedding Cake Island,1,Canada,44.652292665194,-76.298830074219,no,no,no,no,no,yes,no,no,yes,yes,no,no,yes,Perth,17.29
Little Gaulding Cay,2,Bahamas,25.613744,-77.735395,no,yes,yes,no,no,no,no,no,no,no,no,no,no,San Andros,42.6
Spider Caye,1,Belize,16.534952469976,-88.090829899475,no,yes,no,no,yes,no,no,no,no,no,no,no,no,Placencia,18.31
Richards Island,30,Canada,45.241330100000006,-61.2015032,no,yes,yes,no,no,yes,no,no,no,yes,no,no,no,Port Hawkesbury,26.91
Moshers Island,96,Canada,44.236324152171,-64.33146861376899,yes,yes,no,no,no,no,no,no,no,yes,no,no,no,Lunenburg,9.85
Motu Matatahi,2,France,-15.145702664295001,-147.91322704136002,no,yes,no,no,yes,no,no,no,no,no,no,no,no,Avarua,883.65
Win Island,2,Canada,45.889911,-80.23655699999999,no,no,yes,no,no,yes,no,no,yes,no,no,no,no,Parry Sound District,21.7
Long Caye Island Property,0,Belize,17.219436770780998,-87.592865971411,no,yes,yes,no,no,no,no,no,no,no,no,no,no,Belize City,44.32
Pink Pearl Island,1,Nicaragua,12.4373519,-83.4229208,no,yes,no,no,yes,no,no,no,no,no,no,no,no,Laguna de Perlas,17.98
xBlack Islandx,20,Canada,45.950318975403995,-60.520838773535004,no,no,no,no,no,no,no,no,yes,yes,no,no,no,Eskasoni 3,4.59
Lizzies Cove Island,7,Canada,52.086326434147,-128.08128379231002,no,yes,no,no,no,no,no,no,no,no,no,no,no,Central Coast Regional District,46.06
Middle Island,38,Canada,44.120651423222,-64.526073626984,no,yes,no,no,no,no,no,no,no,yes,no,no,no,Bridgewater,17.82
Skala's Palace,2,Canada,46.051568468517,-81.659350451562,no,no,no,no,no,no,no,no,no,no,no,no,no,Little Current,13.68
Frigate Caye,1,Belize,17.283688,-87.804774,no,yes,no,no,no,no,no,no,no,no,no,no,no,Belize City,29.88
Natural Inlet Island,2,Canada,45.990224403340996,-81.23095875476,no,no,no,no,no,no,no,no,no,no,no,no,no,Lively,30.86
Harbour Island,2,Canada,44.816385,-62.97359399999999,no,no,yes,no,no,yes,no,no,yes,no,no,no,no,Lake Echo,20.83
No Mans Island,19,United States of America,39.016389118995,-74.817409947485,yes,no,no,no,no,no,no,no,yes,no,no,no,no,North Wildwood,1.46
El Nido Peninsula,3,Philippines,11.103552313085,119.33487376672,no,yes,no,no,yes,no,no,no,no,no,no,no,no,El Nido,7.02
Deadman Caye 699acres,1,Belize,17.193085237303,-87.866504936523,no,yes,no,no,yes,no,no,no,no,no,no,no,no,Dangriga,28.71
Angus Island,15,Canada,44.84903185974,-62.451314597777994,no,yes,no,no,yes,no,no,no,no,no,no,no,yes,Pictou County,45.44
Bear Island,7,Canada,44.245926466187,-64.370451321426,no,yes,no,no,no,no,no,no,no,no,no,no,yes,Lunenburg,9.54
Sarrat Island,2,Canada,48.6739124,-88.12120340000001,no,no,no,no,no,no,no,no,no,no,no,no,no,Thunder Bay,55.46
Wee Wee Caye,2,Belize,16.76491374691,-88.142417745361,no,yes,yes,no,yes,no,no,no,no,no,no,no,no,Dangriga,15.37
"1-Acre Private Island near Riversdale, Placencia",1,Belize,16.692220557469,-88.18777358803699,no,yes,no,no,no,no,no,no,no,no,no,no,no,Placencia,17.07
Pearl Island,1,Canada,45.898007,-80.903902,no,no,yes,no,no,yes,no,no,yes,yes,no,no,no,Lively,38.82
Stewards Island,54,United States of America,41.72903485420999,-79.32497686773699,yes,no,no,no,no,no,no,no,no,no,no,yes,no,Warren County,6.46
Spuhn Island Lots,2,United States of America,58.341096855307,-134.65799237672,no,yes,no,yes,yes,no,no,no,no,no,no,no,no,Juneau,9.06
Mannions Island,4,Ireland,51.608942603239,-9.555873645507699,no,yes,no,no,no,no,no,no,no,no,no,no,no,Bantry,6.63
Calf Island,26,Canada,44.936121350068,-62.195835113525,no,yes,no,no,no,no,no,no,no,yes,no,no,no,Pictou County,43.26
Orchid Islands,1,Belize,17.923666464455,-87.98615195424499,no,yes,no,no,no,no,no,no,no,no,no,no,no,San Pedro,1.43
xLong Islandx,92,Canada,46.187610599715,-60.410337697559,yes,yes,yes,no,no,no,no,no,no,yes,no,no,no,Sydney Mines,9.82
Lake Nipissing Island C-905,1,Canada,46.301840815561,-79.838850719324,no,no,yes,no,no,yes,no,no,yes,yes,no,no,no,North Bay,17.81
Rock Island,1,United States of America,41.631443062682,-72.302821775888,no,no,no,no,no,yes,no,no,yes,no,no,no,no,Hebron,3.74
Cockroach Bay,10,Belize,17.496237910126,-87.783293452026,no,yes,no,no,yes,no,no,no,no,no,no,no,no,Belize City,27.3
"6-Acre Beachfront Parcel, Southern Long Caye",6,Belize,17.080390874076,-88.03664303605998,no,yes,no,no,yes,no,no,no,no,no,no,no,no,Dangriga,15.07
Deadman Caye 941 acres,1,Belize,17.194520148828,-87.865989952393,no,yes,no,no,yes,no,no,no,no,no,no,no,no,Dangriga,28.8
Waterfront Lots in the Placencia Yacht Club,0,Belize,16.51032729178,-88.36092855977199,no,no,no,no,no,no,no,no,no,no,no,no,no,Placencia,0.45
Leader Island,11,Canada,44.734433,-63.028543000000006,no,yes,no,no,no,no,no,no,no,yes,no,no,yes,Lake Echo,17.35
Hangover Island,40,United States of America,28.819601801300998,-82.684178015869,yes,no,no,no,yes,no,no,no,no,no,no,yes,no,Homosassa,4.95
La Cornelia Island,1,Nicaragua,11.909073,-85.90460999999999,no,no,no,yes,no,no,no,no,yes,no,no,no,no,Granada,3.76
Echo Island,3,Canada,43.986850153259,-65.904507208954,no,no,yes,no,no,yes,no,no,yes,yes,no,no,no,Yarmouth,14.92
Gillis Island,11,Canada,46.074348229792,-62.904045989627,no,no,no,no,no,no,no,no,no,no,yes,yes,no,Belfast,1.23
Hemlow Island,55,Canada,45.011709975974,-61.980101515283,yes,yes,no,no,no,no,no,no,no,yes,no,no,no,Antigonish,41.82
Sweet Island,3,Canada,54.651677230444,-124.96982571423,no,no,yes,no,no,no,no,no,yes,no,no,no,no,Burns Lake,43.13
Bone Fish Caye,0,Belize,18.203378813294,-88.0050358125,no,no,no,no,no,no,no,no,no,no,no,no,no,San Pedro,20.02
Big Tancook Island,12,Canada,44.459238299999996,-64.16188460000001,no,yes,no,no,no,no,no,no,no,yes,no,no,no,Chester,6.88
Gautier Island,3,United States of America,30.376475934600002,-88.61482248161501,no,yes,no,no,no,no,no,no,no,no,no,no,no,Gautier,0.67
Half Island,6,Canada,45.588638992742005,-61.207667528253005,no,no,no,no,yes,no,no,no,yes,no,no,no,yes,Port Hawkesbury,7.08
Long Caye Beachfront at The Great Blue Hole,0,Belize,17.221947501013,-87.593735007132,no,no,no,no,no,no,no,no,no,no,no,no,no,Belize City,44.2
Hen Island,0,Canada,41.7882995,-82.797509173541,no,no,no,no,no,no,no,no,no,no,no,no,no,Port Clinton,20.42
Tavern Island,4,United States of America,41.060858887019,-73.421734255295,no,yes,yes,no,no,yes,no,no,no,no,no,no,no,Darien,2.77
Spanish Lookout Caye,186,Belize,17.412715897467,-88.070159026367,yes,yes,no,no,yes,no,no,yes,no,no,no,no,no,Belize City,10.32
Tikina-i-ra Island,10233,Fiji,-16.768883908763,178.48990280449,yes,yes,no,no,yes,no,no,no,no,no,no,no,no,Bua Province,17.77
Sear Island,28,Canada,49.146894251392006,-123.69157732853,yes,yes,yes,yes,no,yes,no,no,no,no,no,no,no,Cedar,7.58
Jupiter Island,642,Ecuador,0.432841,-80.05711,yes,yes,no,no,yes,no,no,no,no,no,yes,no,no,Muisne,12.61
2620,1350,Greece,38.069309552599,19.0253207125,yes,yes,no,no,yes,no,no,no,no,no,no,no,no,Lixoúri,77.26
Tovu Island,180,Fiji,-17.346108087666,178.05884785448998,yes,yes,yes,no,yes,yes,no,no,no,no,no,no,no,Ra Province,12.79
Sindiro Island,220,Uganda,0.15922982410854,33.137118460852,yes,no,no,no,no,no,no,no,yes,no,no,no,no,Njeru,19.73
Crawl Caye (Belize City),48,Belize,17.577936138183,-87.794451441528,yes,yes,no,no,no,no,no,no,no,no,no,no,no,San Pedro,25.94
Little Bay Estate,7,United Kingdom,18.491555511761,-64.364994265857,no,yes,yes,no,yes,yes,no,no,no,no,no,no,no,Saint Paul’s,125.42
26-Acre Island in Blue Ground Range,3,Belize,16.81485815408,-88.15099612653201,no,yes,yes,no,yes,yes,no,no,no,no,no,no,no,Dangriga,12.0
Wadigi Island,0,Fiji,-17.717881368644,177.14799322578,no,yes,no,no,no,yes,no,no,no,no,no,no,no,Nadi,18.6
The Balam Escape,9500,Belize,17.985908426168002,-88.198139639258,yes,yes,no,no,yes,no,no,no,no,no,no,no,no,San Pedro,16.01
42-Acre Private Island West of Placencia Village,42,Belize,16.515152844688,-88.37696588311199,yes,yes,no,no,no,no,no,no,no,no,no,no,no,Placencia,0.7
Mauger Caye,7,Belize,17.607045928001,-87.77201230423,no,yes,no,no,no,no,no,no,no,no,no,no,no,San Pedro,24.87
Pair of Fiji Islands,25,Fiji,-17.1121121,177.2469064,yes,yes,no,no,yes,no,no,no,no,no,no,no,no,Lautoka,37.37
Gibraleon Island,227,Panama,8.5168638912591,-79.045165847022,yes,yes,no,no,yes,no,no,no,no,no,no,no,no,Distrito de Balboa,4.64
Ilha de Pioca,215,Brazil,-12.636634159818001,-38.704906015869,yes,yes,no,no,no,no,no,no,no,no,no,no,no,São Francisco do Conde,4.86
Wailagilala Island,113,Fiji,-16.74894797678,-179.10319795659,yes,yes,yes,no,yes,no,no,no,no,no,no,no,no,Cakaudrove Province,98.11
"Pine Island, Vermont",23,United States of America,44.808682143475,-71.86852816499001,yes,no,no,no,yes,no,no,no,yes,yes,no,no,yes,Essex County,8.57
Denarau Peninsula,1,Australia,-17.763712796196,177.38533436014,no,yes,yes,no,yes,yes,no,no,no,no,no,no,no,Nadi,3.39
Laguna Azul,2,Panama,9.1888035899812,-82.102900224762,no,yes,no,no,no,yes,no,yes,no,no,no,no,no,Isla Bastimentos,7.96
Jewel Caye,2,Belize,16.790789221728,-88.156483249436,no,yes,yes,no,yes,yes,no,no,no,no,no,no,yes,Dangriga,13.36
Reef Islands,237,Vanuatu,-13.621122871583,167.52765646465,yes,yes,no,no,yes,no,no,no,no,no,no,no,no,Sola,17.69
Elizabeth Island,65,Australia,-38.41622279999999,145.36897119999998,yes,yes,yes,no,yes,no,no,no,no,no,no,no,no,Bass Coast,7.0
Crawl Caye (Placencia),55,Belize,16.599145201844,-88.215739103699,yes,yes,no,no,no,no,no,no,no,no,no,no,no,Placencia,11.58
Thatch Cay,230,United States of America,18.358497375508,-64.85728765081801,yes,yes,no,no,yes,no,no,no,no,no,no,no,no,Saint Paul’s,148.33
Lenur Island,84,Vanuatu,-16.515245560472,167.59472462433,yes,yes,no,no,yes,no,no,no,no,no,no,no,no,Norsup,33.73
French Bay Property,130,United States of America,18.315466197777,-64.904952182092,yes,yes,yes,no,yes,no,no,no,no,no,no,no,no,Saint Paul’s,149.89
Water Island Peninsula,2,United States of America,18.318584944342,-64.958119702299,no,yes,yes,no,no,yes,no,no,no,no,no,no,no,Saint Paul’s,153.16
Private Island Exuma,46,Bahamas,24.184307098204002,-76.44117357619601,yes,yes,yes,no,yes,yes,no,no,no,no,no,no,no,Arthur’s Town,57.11
Pebble Island,26247,Falkland Islands,-51.286789099609,-59.652042170312,yes,yes,yes,no,yes,no,yes,yes,no,no,yes,no,no,Puerto Deseado,371.38
Long Caye Private Island,40,Belize,16.489920017723,-88.214336030103,yes,yes,yes,no,no,yes,no,no,no,no,no,no,no,Placencia,10.22
Funk Caye,3,Belize,16.550108117935,-88.08482046066901,no,yes,no,no,yes,no,no,no,no,no,no,no,no,Placencia,18.82
